Year	Headline	Link	Intro	Page
2020	罗马俱乐部与增长的极限	https://nei.st/medium/caixin/cw898e	时隔半个世纪，我们依然能感受到这份文献中足够震撼的前瞻性力量，《增长的极限》里的预言已经压倒性地堆积到了我们岌岌可危的全球化面前	1
2020	新冠动物模型难觅	https://nei.st/medium/caixin/cw900g	对新冠疫苗和药物研发来说，颇显尴尬的是，科学家们还没有找到特别合适的动物来为人类「以身试毒」	1
2020	心脏的数字孪生体	https://nei.st/medium/economist/the-hearts-digital-twin	病患心脏的虚拟副本将帮助医生诊断和治疗心脏病	1
2020	商业与病毒：全场最佳	https://nei.st/medium/economist/best-in-show	一场严重的经济冲击将使精英巨头强者愈强，也将改变它们所处的社会​​​	1
2020	银行行长骗贷案	https://nei.st/medium/caixin/cw900f	李昌军利用进出口银行深圳分行、北京分行行长身份，伙同不法商人、掮客骗取金融机构贷款 17 亿元	1
2020	退休政法干部告官记	https://nei.st/medium/caixin/cw899g	招商引资承诺没有兑现，山东省市区三级政府两次败诉于外来开发商。进入执行阶段，事情发展有了意外转折	1
2020	隔离经济学	https://nei.st/medium/economist/isolationomics	经过多年「隔离」的俄罗斯只是略受全球动荡的影响——目前是如此	1
2020	处置「烂苹果」	https://nei.st/medium/caixin/cw900d	金融机构的风险根源，多在公司治理上——大股东占款、内部人控制，甚至形成「内部人+腐败官员+不良企业」的「黑三角」，应及时识别、及早预案	1
2020	Photos of the Week	https://nei.st/medium/atlantic/photos-of-the-week-20200417	Please get it online	1
2020	再论不平等：当代马克思	https://nei.st/medium/economist/inequality-revisited-a-modern-marx	一位写下畅销书的经济学家倡导社会主义​​​	1
2020	日本抗疫之谜	https://nei.st/medium/caixin/cw898g	日本在边控、筛查、隔离三方面的措施相对温和，收效究竟如何？	2
2020	云南「铝计划」博弈电力格局	https://nei.st/medium/caixin/cw900b	竭尽全力谋求经济发展的西部省份，使出浑身解数吸引从东部省份退出的高耗能产业。巨大的利益博弈交织在企业与政府、政府与市场的关系中，到底孰获益、孰受损？	2
2020	芯片设计：后来者的革命时刻	https://nei.st/medium/caixin/cw899d	曾经被英特尔、Arm 等垄断的芯片指令集，现在出现免费开源版本。将满十岁的 RISC-V，在全球掀起一场芯片设计革命，它能成功吗？	2
2020	对冲基金：资本的乡村之家	https://nei.st/medium/economist/the-country-home-of-capital	为什么金融精英们正在搬离昔日的避风港​​​	2
2020	活体机器人	https://nei.st/medium/economist/robots-that-come-alive	一个研究团队用活体细胞制造机器人​​​	2
2020	WHO Cares?	https://nei.st/medium/nytimes/a-window-to-stop-the-virus-warnings-came-early-and-often	世卫组织一再赞扬中国，其行动和言论都带着政治性的谨慎，特朗普对它的指责合理吗？	2
2020	随着疫情消退，民族主义和仇外情绪在中国蔓延	https://nei.st/medium/nytimes/crisis-tamed-china-sees-outsiders-as-new-peril	一些排外情绪的表达毫不掩饰，丝毫不假装是出于公共健康的担忧	2
2020	沉没，游泳，还是弄潮	https://nei.st/medium/economist/sinking-swimming-and-surfing	这场大流行病及其破坏将加速本已在重塑商业的趋势​​​	2
2020	迄今为止最大、最详细的脑细胞及其连接体图谱发布	https://nei.st/medium/economist/fly-atlas	神经科学：果蝇脑图谱​​​	2
2020	民生救急	https://nei.st/medium/caixin/cw898j	国内国际双重冲击，民生全面承压。救民生，救需求，刻不容缓	2
2020	就业冲击何解	https://nei.st/medium/caixin/cw898h	短期经济承压在预料之中，急务是托底困难人群，稳住小微企业	3
2020	用工大户各寻出路	https://nei.st/medium/caixin/cw898i	人力密集的旅游、家政、餐饮业，以及依赖外部订单的外贸行业，面对疫情各自调整	3
2020	从大后方发来的战报	https://nei.st/medium/economist/schumpeter/a-dispatch-from-the-home-front	从联合利华老板的书房看封锁的世界​​​	3
2020	大流行病与国家：创造新冠全景监控	https://nei.st/medium/economist/creating-the-coronopticon	通过应用和数据网络监控可以有效阻止新冠肺炎的传播，但代价几何？	3
2020	贸易悬空	https://nei.st/medium/caixin/cw899c	全球贸易遭遇新冠病毒剧烈冲击，作为「世界工厂」和最大新兴消费市场，中国如何应对？	3
2020	无处不在的取舍：冷酷计算	https://nei.st/medium/economist/a-grim-calculus	新冠肺炎迫使人们在生、死和经济之间做出艰难选择——很可能会越来越难​​​	3
2020	证据不足不等于不存在	https://nei.st/medium/economist/absence-of-evidence-is-not-evidence-of-absence	新冠大流行中的隐性传染有多重要？​​​	3
2020	车险改革再启动	https://nei.st/medium/caixin/cw900e	六年来第四次改革，「商车费改」是否能彻底攻坚；监管希望步步细化各项规章，控制价格战，稳定市场，但险企自主定价空间不断缩小，市场化改革受制	3
2020	世界汽车业风险共振	https://nei.st/medium/caixin/cw898c	新冠疫情无差别碾压，汽车企业找不到「疫外之地」，全行业将共同经历艰难时刻	3
2020	卡车、长队和蓝调	https://nei.st/medium/economist/trucks-queues-and-blues	如果你之前认为贸易战对跨境贸易而言很糟糕……​​​	3
2020	上市银行遭疫情「大考」	https://nei.st/medium/caixin/cw899f	虽然安全垫较厚，但资产质量下滑、净利润承压已成定局；疫情之下，上市银行如何接招？	4
2020	新冠危机将是一个历史转折点	https://nei.st/medium/why-this-crisis-is-a-turning-point-in-history	但这种策略从未奏效，它将威胁民众生命，引发公愤，最终破坏政府信誉	4
2020	复盘美国新冠疫情：特朗普为何忽视警告、一错再错	https://nei.st/medium/nytimes/despite-timely-alerts-trump-was-slow-to-act	特朗普曾不断被警告可能暴发大流行病，但政府的分歧、缺乏计划和执行失败，以及他对自己直觉的盲信，都导致了疫情应对的失败	4
2020	特朗普做错了什么？	https://nei.st/medium/washington-post/the-u-s-was-beset-by-denial-and-dysfunction-as-the-coronavirus-raged	从椭圆形办公室到疾病预防控制中心，政治和体制上的失败遍及整个系统，失去了减轻大流行的机会	4
2020	特朗普的关键时刻	https://nei.st/medium/bloomberg/coronavirus-hits-at-the-worst-possible-time-for-trumps-reelection	新型冠状病毒疫情重创经济之时，正值选民传统上对现任总统的表现打分之际	4
2020	特朗普王朝的继承之战	https://nei.st/medium/atlantic/succession	伊万卡一直是特朗普的最爱，但是小唐正逐渐成为他的自然继任者	4
2020	检测的证词	https://nei.st/medium/economist/testings-testimony	应当如何恰当地使用针对新型冠状病毒的抗体检测	4
2020	当「三桶油」遇上低油价	https://nei.st/medium/caixin/cw900c	三大巨型石油央企正在经历前所未有的挑战。国际原油价格暴跌，类似潮水退去，高成本、低效率以及政策掣肘均显露无遗	4
2020	低油价飓风横扫全球	https://nei.st/medium/caixin/cw898f	低油价飓风来袭，全球原油产业链剧变：大型油轮价格暴涨，全球油罐遭疯抢；沙特、俄罗斯、美国等产油大国的市场份额正在发生改变；全球油企不得不「勒紧裤腰带」	4
2020	平板处方	https://nei.st/medium/economist/prescribing-tablets	芬兰人用科技协助病弱老人在家生活​​​	4
2020	楼市调控何处去	https://nei.st/medium/caixin/cw899e	如果简单沿用过去放货币、加杠杆的方式，对经济已无积极意义，反而积累债务风险	5
2020	从武汉到华盛顿，美国收到「哨声」的一百天	https://nei.st/medium/initium/from-wuhan-to-washington-the-united-states-covid19	从两国疾控中心的第一通关于新型冠状病毒的电话开始，美国的应对出现了哪些问题？这期间，中国和美国又有著怎样的较量？	5
2020	致命差错	https://nei.st/medium/economist/fatal-flaws	新冠肺炎的实际死亡人数似乎高于官方数据​​​	5
2020	新冠击中「大苹果」	https://nei.st/medium/caixin/cw898d	纽约的人口高密度给疫情防控制造了难题。近 2000 万人如何防疫？生活何时能恢复正常？	5
2020	安联：高处不胜寒	https://nei.st/medium/economist/allianz-lonely-work	欧洲最大保险公司的老板应对市场动荡​​​	5
2020	你暂时被炒了!	https://nei.st/medium/economist/schumpeter/youre-furloughed	在当前的危机中，一向热衷裁员的美国公司是否应该变得更欧洲化？​​​	5
2020	场边淘金	https://nei.st/medium/economist/hoarding-cash	广告人有个巧妙的新方法迷惑体育迷​​​	5
2020	防疫物资出海难	https://nei.st/medium/caixin/cw899b	中国作为「世界工厂」正为全球新冠防疫战开足马力生产，但从驰援武汉到转战海外，战线拉得更长，需要磨合的困难更多	5
2020	防守无症状感染	https://nei.st/medium/caixin/cw898a	对无症状感染者的影响认识有别，各国应对策略和结果迥异，此前数月的防控经验和研究对传播风险已有明确提示	5
2020	报复性消费会不会来？新基建能拯救经济低迷吗？	https://nei.st/medium/initium/luming-interview-consumption	专访陆铭	5
2020	如何理解瘟疫	https://nei.st/medium/economist/how-to-understand-a-plague	通过五本科学和历史书理解新冠疫情​​​	6
2020	救治新冠婴儿	https://nei.st/medium/caixin/cw898b	婴幼儿感染的预防、诊断和治疗存在诸多误区和难点，中国早期救治案例为全球提供了宝贵经验	6
2020	看得见，听得到	https://nei.st/medium/economist/visible-and-vocal	在疫病大流行期间，送货上门服务在中国发挥了至关重要的作用。他们由新一类工人提供​​​	6
2020	谷底反弹	https://nei.st/medium/economist/free-exchange/from-v-to-victory	经济体能从 GDP 暴跌中迅速复苏——但并非总能如此​​​	6
2020	票价游戏	https://nei.st/medium/economist/fare-play	空客想要帮助航空公司对冲机票价格。行得通吗？​​​	6
2020	他们打满全场	https://nei.st/medium/caixin/cw900a	在一群精英医生带领下，武大中南医院于遭遇战及早预警，于相持战接管定点医院和最大方舱，于决战主持雷神山医院，以专业精神从头打到尾，并为避免下次公共卫生危机提供启示	6
2020	任志强的身后，是牢门还是欢呼？	https://nei.st/medium/initium/opinion-renzhiqiang-arrested	接下来的，是所有人的政治	6
2020	代谢物与你：海量化学物质	https://nei.st/medium/economist/shed-loads-of-chemicals	你的分子「尾流」可能会泄露你的秘密​​​	6
2020	奢侈废品：非特卖品	https://nei.st/medium/economist/luxury-cast-offs-not-for-sale	奢侈品集团思索清空库存的方法​​​	6
2020	大功告成	https://nei.st/medium/economist/mission-accomplished	华尔街最著名的老板该收工了吗？​​​	6
2020	特别国债重出江湖	https://nei.st/medium/caixin/cw899a	为应对疫情冲击，中国财政三箭齐发，财政赤字、特别国债、地方专项债券各自承担什么功能？特别国债特在何处？	7
2020	挺过贸易战和国内疫情，这些工厂却倒在欧美疫情下	https://nei.st/medium/initium/coronavirus-chinese-factory	全球疫情和中美贸易战，是急性病和慢性病的区别：一个来得快，看谁身体好能熬到天亮；另一个要慢慢治疗，不停调整	7
2020	获奖者是……	https://nei.st/medium/economist/special-report/and-the-winner-is	数据将使世界变得更富生产力。但谁会受益呢？​​​	7
2020	虚拟民族主义	https://nei.st/medium/economist/special-report/virtual-nationalism	政府如何在镜像世界中设立边境墙​​​	7
2020	民主的「至暗时刻」，催生了一个更自信还是更焦虑的中国？	https://nei.st/medium/initium/opinion-democracy-vs-authoritarianism	中国模式必须是优越的，中国模式「输不起」，这样的焦虑和紧绷将持续地为危机埋下种子，但也将持续地制造信心来原谅危机、遗忘危机	7
2020	新 AI 组装线	https://nei.st/medium/economist/special-report/the-new-ai-ssembly-line	整合数据越来越困难，但也越来越重要​​​	7
2020	铺开	https://nei.st/medium/economist/special-report/spreading-out	数据处理应该在中心还是边缘进行？​​​	7
2020	NBA 停赛满月：「吵杂的美国之声」何时再响？	https://nei.st/medium/initium/nba-suspension	这一个月来，美国文化失去了一项「常数」、一道习以为常的背景音。这标志着疫情对「美式生活」的影响，已经深入根本	7
2020	数字复数	https://nei.st/medium/economist/special-report/digital-plurality	数据是更像石油还是更像阳光？​​​	7
2020	镜像世界	https://nei.st/medium/economist/special-report/mirror-worlds	数据的洪流正在催生一种新经济。记者路德维格·西格勒探究它将如何运作​​​	7
2020	台湾「以疫谋独」吗？疫情中茁壮的健保共同体	https://nei.st/medium/initium/taiwan-epidemic-nationalism	历经 WHO 风波、口罩外交与数起环绕着「全民健保」而生的争议，让台湾共同体在疫情之中反覆确认边界，并再次对中华民国遗留的体制表达困惑与质疑	8
2020	一带：收紧一节	https://nei.st/medium/economist/tighten-up-a-notch	中国在「一带」沿线的投资并不总是顺利​​​	8
2020	一路：放长线	https://nei.st/medium/economist/a-long-game	在海上，商业和战略很难分开​​​	8
2020	一带一路障	https://nei.st/medium/economist/belt-and-roadblock	印尼希望按自己的方式和中国打交道	8
2020	一场宣传拉锯战：中国的新冠疫情叙事能成功吗？	https://nei.st/medium/nytimes/china-citing-fewer-cases-tries-to-rewrite-its-role-in-crisis	历史是由胜利者书写的，在新冠病毒暴发这件事上也不例外	8
2020	An Unimaginable Toll	https://nei.st/medium/atlantic/an-unimaginable-toll	Please get it online	8
2020	美国允许谷歌启动海底网络光缆，前提是排除香港	https://nei.st/medium/wsj/u-s-allows-google-internet-project-to-advance-only-if-hong-kong-is-cut-out	理由是存在国家安全隐患。这项决定凸显出美中之间越来越紧张的关系	8
2020	机器政治——互联网崛起与集权新世纪	https://nei.st/medium/harpers/machine-politics	但这种策略从未奏效，它将威胁民众生命，引发公愤，最终破坏政府信誉	8
2020	带我去见老大	https://nei.st/medium/economist/take-me-to-a-leader	猎头这个行当前所未有地强大，但其提供的价值仍难以衡量​​​	8
2020	社交网络：友好的肖像画	https://nei.st/medium/economist/a-friendly-portrait	一位记者从内部观察了 Facebook 的崛起​​​	8
2020	蓝色狂想曲	https://nei.st/medium/economist/rhapsody-in-blue	美国牛仔服饰如何征服世界	9
2020	中国武汉解封，但抗疫战斗远未结束	https://nei.st/medium/wsj/fear-lingers-in-wuhan-as-china-eases-lockdown	中共官方报纸《人民日报》旗下刊物《健康时报》周一称，武汉无症状感染者或有 1 万至 2 万人。这篇报道在网上很快被删除	9
2020	病毒后经济：复工	https://nei.st/medium/economist/back-to-work	但并未复常​​​	9
2020	中国大亨任志强遭中共调查，曾发文批评习近平处理疫情做法	https://nei.st/medium/wsj/chinese-mogul-faces-probe-for-essay-critical-of-president-xis-coronavirus-handling	中共官员表示，任志强涉嫌「严重违纪违法」，这是当局经常用来指代腐败和其他权力滥用的委婉说法	9
2020	通用电气之困	https://nei.st/medium/wsj/ge-powered-the-american-century-then-it-burned-out	一家定义了「美国时代」的公司如何走向没落	9
2020	具有中国特色的 MBA	https://nei.st/medium/economist/mbas-with-chinese-characteristics	中国的商学院正在蓬勃发展，这要归功于中西方特质的融合​​​	9
2020	杰克·韦尔奇：工业界舵手	https://nei.st/medium/economist/jack-welch-captain-of-industry	GE 前老板改变了美国资本主义——好坏兼而有之​​​	9
2020	covid-19 病毒：解剖杀手	https://nei.st/medium/economist/anatomy-of-a-killer	SARS-COV-2 如何导致了 2019 冠状病毒病，以及如何可能阻止它​​​	9
2020	肿瘤测绘	https://nei.st/medium/economist/the-topography-of-tumours	迄今最全面的癌症基因图谱表明，要攻克癌症困难重重​​​	9
2020	还不够快	https://nei.st/medium/wsj/scientists-rush-to-find-coronavirus-cure-but-it-still-isnt-fast-enough	科学家们正在以创纪录的速度调动各种力量，研发针对新冠病毒的治疗方法或疫苗。但新冠病毒的传播速度似乎更快	9
2020	经济告急：实验性治疗	https://nei.st/medium/economist/experimental-treatment	各国政府正花费巨资并祭出新招，以防世界经济陷入危险的困境​​​	10
2020	焦土战	https://nei.st/medium/economist/scorched-earth	石油价格战没有赢家​​​	10
2020	停摆	https://nei.st/medium/economist/the-pandemic-closed	救命也要救经济，这将带来十分痛苦的抉择​​​	10
2020	数字背后的面孔	https://nei.st/medium/economist/chaguan/putting-faces-to-the-numbers	现在是敏感时期，共产党领导人要求新闻报道要充满「正能量」​​​	10
2020	病毒大屠杀	https://nei.st/medium/economist/covid-carnage	全球大部分商业活动都按下了暂停键。有些公司永远不会重启​​​	10
2020	全球瘟疫：走向世界	https://nei.st/medium/economist/going-global	世卫组织上周对中国的做法赞不绝口。但这并不意味着中国的做法是世界其他地区的模板​​​	10
2020	中国真实死亡人数遭质疑，武汉新冠逝者被悄声埋葬	https://nei.st/medium/nytimes/survivors-fume-as-china-insists-on-quiet-burials	无论专制制度制定的疫情应对措施能够提供的优势有多大，当铁腕领导人选择拒绝威胁存在或提供不一样的叙事时，专制的真正危险就显现出来了	10
2020	大卫·哈维：2019 冠状病毒时期的反资本主义政治	https://nei.st/medium/initium/david-harvey-anti-capitalist-politics-in-the-time-of-covid-19	如果只有社会主义政策对如今的世界才有效，那么毫无疑问，寡头统治者会确保其成为国家社会主义，而不是人民社会主义。而反资本主义政治的任务就是防止这样的事情发生	10
2020	面对疫情，专制比民主更有优势？	https://nei.st/medium/nytimes/the-virus-comes-for-democracy	无论专制制度制定的疫情应对措施能够提供的优势有多大，当铁腕领导人选择拒绝威胁存在或提供不一样的叙事时，专制的真正危险就显现出来了	10
2020	疫区爱欲自述：大瘟疫时代的约炮	https://nei.st/medium/initium/culture-sex-in-covid	病毒自然不可能被你的高潮所吓倒。但我们大部分人可以感受到，欲望被缓解时的心理舒畅，这才是很多人隔离期间所需要的吧	10
2020	从改革「罢工」到共同利益	https://nei.st/medium/caixin/cnreform-ldhkqhzl_tbll5erdwv	岁末年初，法国退休改革引发近半个世纪来最大规模罢工。2019 年，多国动议引发游行，大国保护主义亦未平息。何以跨越从「一己优先」到共同利益的鸿沟	11
2020	以深化改革应对公共卫生安全严峻挑战	https://nei.st/medium/caixin/cnreform-fcq1lfnul55uj	新冠疫情使中国付出了巨大的代价	11
2020	为什么西方国家的医学专家和政策都不鼓励民众戴口罩？	https://nei.st/medium/initium/opinion-face-mask-east-west-perspectives	我希望这篇文章能为读者提供多一个角度，理解对方的观点，明白问题背后不单纯是种族、文化和知识水平差异，也有很多政治、社会的考量	11
2020	人类能否再现 1954 年索尔克疫苗试验的奇迹？	https://nei.st/medium/initium/opinion-science-covid-19	疫苗、特效药、群体免疫、被动免疫，为何救命难？	11
2020	人们是怎么度过 1918 年的疫情的	https://nei.st/medium/yimag/uapiyb9myocwsonvgb07a6	历史不一定会重演，它只是踏着相同的节奏而来	11
2020	拆解安邦	https://nei.st/medium/yimag/uapiyb9myocwsonvgb07a4	这一过程中，监管机构与司法部门展开了「一手抓经营稳定，一手抓刑事侦查」的高效配合	11
2020	虚拟偶像开始仿真了	https://nei.st/medium/yimag/uapiyb9myocwsonvgb07a5	当依赖粉丝经济的真人偶像产业越来越容易陷入危机，部分从业者已将目光转向虚拟偶像	11
2020	美国「社会主义」的说服力	https://nei.st/medium/yimag/uapiyb9myocwsonvgb07a7	罗宾逊将自己定义为「自由意志社会主义者」，在反对资本主义的同时，也对国家权力怀有敌意，主张权力去中心化。他将「自由意志社会主义」的传统上溯到 19 世纪的无政府主义社会主义，其代表人物是蒲鲁东和巴枯宁	11
2020	中国工厂，薛定谔的重启	https://nei.st/medium/yimag/uapiyb9myocwsonvgb07a1	一场疫情让所有人意识到，世界还是那么平	11
2020	携程压力测试	https://nei.st/medium/yimag/uapiyb9myocwsonvgb07a2	对旅游产业来说，随时应对黑天鹅事件是一项基本能力，但 2020 年新冠疫情的出现，却是一场极限挑战	11
2020	美团卖菜	https://nei.st/medium/yimag/uapiyb9myocwsonvgb07a3	一场疫情，让「菜」的战略地位在美团内部得到前所未有的提升	12
2020	CIA 称中国官方疫情数据严重失实	https://nei.st/medium/nytimes/cia-seeks-to-verify-virus-totals-in-china-dismissing-official-tallies	美国情报机构已经得出的结论是，中国政府自己也不知道该病毒的规模，和世界其他国家一样盲目	12
2020	敢问市场去向何方，华尔街大鳄如是说	https://nei.st/medium/wsj/where-markets-go-from-here-wall-streets-biggest-names-weigh-in	作为华尔街顶尖投资家，他们应对过市场的暴跌与低迷，以及自然灾害和恐怖袭击等带来的影响。新冠冲击之下，他们就市场的下一步走向和应对方法，给投资者提出了一些建议	12
2020	为什么全球经济可能陷入长期衰退	https://nei.st/medium/nytimes/economists-fear-drawn-out-slump-as-losses-deepen	随着损失加深，经济学家担心陷入困境的低迷	12
2020	疫情阴影下的中美脱钩前景——有所缓和还是加速分离？	https://nei.st/medium/initium/opinion-economy-us-china-future	在疫情的放大镜下，我们看到的是一对奇怪的连体婴儿，各自要往不同的方向走。或转圜，或恶化，两个可能性截然相反，但理由同样充分	12
2020	中国借抗疫援助宣示全球领导地位	https://nei.st/medium/wsj/china-asserts-claim-to-global-leadership-mask-by-mask	中国政府正展开一项宏大行动，精心编写有关抗击新冠疫情的叙事，并将中国塑造成全球救星	12
2020	历史上的六次灾难给我们应对新冠危机的启示	https://nei.st/medium/wsj/lessons-for-the-coronavirus-crisis-from-six-other-disasters	从西班牙流感到日本海啸，每当灾难降临，各国政府总是竭力在公共卫生与经济稳定之间加以权衡。灾难发生之初，决策者的反应往往不尽如人意，而灾难往往会永久性地改变人们的习惯	12
2020	美股遭遇 2008 年以来最惨痛的一个季度	https://nei.st/medium/wsj/stocks-suffer-worst-quarter-since-2008	美国历史上最长的牛市戛然而止，跌幅如此之大，以至于过去很少被使用的熔断机制多次被股票交易所启动	12
2020	华为警告美国：中国政府不会袖手旁观	https://nei.st/medium/wsj/huawei-warns-u-s-of-retaliation-by-beijing-profit-growth-slows	华为警告美国可能遭到中国政府反制	12
2020	复盘新冠疫情：中国传染病预警系统为何失灵	https://nei.st/medium/nytimes/china-had-a-fail-safe-way-to-track-contagions-officials-failed-to-use-it	如今，对医生、医学专家和官员的采访、泄露的政府文件，以及中国媒体的调查，都揭示了政府的严重过失：一个旨在保护医疗专业知识和感染报告不受政治干预的系统，是如何屈从于干预的	12
2020	走进不招待普通话的餐厅：对话，痛苦与身份的挣扎	https://nei.st/medium/initium/hongkong-restaurants-no-mandarin-dialogue-anger	数名港漂走进了光荣冰室，一场行动，数篇文章，撕开了关于语言、权力、身份的争论裂口。经历行动的，参与公共讨论的，明确表示「不招待普通话人士」的，所思所感到底是什么？	13
2020	中国疾控人员口述：90% 的人闲着，10% 的人干活，还不知道要干啥	https://nei.st/medium/initium/mainland-coronavirus-cdc-staff	国内疫情都快结束了，我们每个小分队才刚刚明确成员名单；防控的 60 天里，这个所谓的「应急小分队」没有出动过一次	13
2020	North Dakota: Images of the Peace Garden State	https://nei.st/medium/atlantic/north-dakota-images-of-the-peace-garden-state	Please get it online	13
2020	金融危机来了吗？	https://nei.st/medium/caixin/cw897j	美股两周四次熔断，指数跌去 30%，股债双杀，流动性枯竭，波及全球金融市场	13
2020	再融资「大撒把」之后	https://nei.st/medium/caixin/cw897k	监管时松时紧的政策调整难以让市场发挥约束作用，需要从信息披露、融资渠道、市场监督、司法介入等方面全面配合	13
2020	香港楼市「逆行」多久	https://nei.st/medium/caixin/cw897l	疫情下香港楼市成交活跃，「戴着口罩买房」 成为这座城市中独特的景观	13
2020	养蜂人在春天离去	https://nei.st/medium/caixin/cw896i	养蜂人刘德成用一根麻绳结束了自己年仅 45 岁的生命。自新冠疫情暴发，交通中断，大量蜂农无法转场追花逐蜜，损失惨重	13
2020	浅析新冠疫情的经济影响	https://nei.st/medium/caixin/cnreform-4ux64_91xg5hvkcchdsngw	本次疫情对中国经济的冲击主要集中在一季度 (预计影响在 2-3 个百分点)，全年 GDP 受到小幅影响 (预计影响在 0.5 个百分点左右)。线上业态、智能制造等领域有望获得发展契机	13
2020	世界在他们脚下	https://nei.st/medium/caixin/cw897p	上世纪 30 年代，一场未见硝烟、没有明确规则、没有起点只有终点的大国之战悄然开启，荣耀不是奖杯，而是地球之巅	13
2020	全球航空大断流	https://nei.st/medium/caixin/cw897n	因疫情蔓延全球，全球各大航空公司均遭遇史上最严重禁航影响，进而波及飞机制造公司；这些重资产、高杠杆的巨无霸前景岌岌可危	13
2020	国门线上的抗疫战	https://nei.st/medium/caixin/cw897m	伴随着全球疫情大暴发，中国境外输入案例络绎不绝，北京、上海和诸多侨乡进入「二次抗疫」	14
2020	武汉复工进行时	https://nei.st/medium/caixin/cw897o	武汉企业复产，需突破员工到岗困难和上游原材料、零部件供应难；为扶持中小企业主发布的「湖北 30 条」亟待落地细则	14
2020	《自然》发表管轶团队研究 称穿山甲应为新冠可能宿主	https://nei.st/medium/caixin/osyntecndosbfimfpgfguq	受体结合域相似度 97%；但不排除这样一种可能，即穿山甲是独立于蝙蝠或其他动物宿主，而感染了和新冠病毒相似的病毒	14
2020	确诊名单外的武汉医护人员	https://nei.st/medium/caixin/tc56mkqkm5upoci2i0w	早期有感染症状的医护人员，因没做核酸检测或核酸检测呈阴性，又错过依据 CT 影像学特征就能列入「临床诊断」病例从而确诊的窗口期，目前他们中一部分尽管抗体检测双阳或 IgG 单阳，但尚未列入确诊，从而获得相应补助和资助	14
2020	韩国做对了什么	https://nei.st/medium/caixin/cw897b	没有封城，经济未停摆，传染源有效隔离，重症挤兑及时消解，病死率较低，但仍需准备长期战疫	14
2020	广东：以非典打新冠	https://nei.st/medium/caixin/cw897d	吸取非典应对的沉重教训，在新冠面前，广东选择了高度警惕，快速反应，重视风险	14
2020	隔离点、违建与 29 条命	https://nei.st/medium/caixin/cw897c	用作新冠疫情隔离点的酒店轰然倒下，带走了 29 个生命，也揭开了泉州违法建设的冰山一角	14
2020	意大利：一切都会好起来的	https://nei.st/medium/caixin/cw897i	很多意大利小朋友在白纸上画一道彩虹，然后把这些画发到脸书和各种社交媒体上，为意大利人打气	14
2020	英国：「群体免疫」迷思	https://nei.st/medium/caixin/cw897g	活动可以取消，旅行可以取消，但是还有很多东西不会	14
2020	法国：请暂时放下浪漫	https://nei.st/medium/caixin/cw897h	在多层面且信息量很大的疫情新闻中，每个人都只听到了自己想听到的，理解了自己想理解的，做了自己想做的，正如恺撒对人性的分析	14
2020	德国：两周时间，是长还是短	https://nei.st/medium/caixin/cw897f	从每个人跟自己习惯的生活方式告别，到联邦政府跟各个州协商步调，从国库中盘点好应激的欧元，再到按下部分停摆键，对小政府大社会来说，这是一个超高速的反应	15
2020	欧洲暂停	https://nei.st/medium/caixin/cw897e	疫情逼迫欧洲给许多熟悉的东西按下暂停键	15
2020	中国开始复工复产，但复苏似乎缓慢而艰难	https://nei.st/medium/wsj/china-is-open-for-business-but-the-postcoronavirus-reboot-looks-slow-and-rocky	经济学家预计，未来还将有更多坏消息	15
2020	疫情之下现金为王，美国最大公司也不例外	https://nei.st/medium/wsj/coronavirus-shows-cash-is-king-even-for-biggest-u-s-companies	就算苹果公司不再销售一部 iPhone 或 Mac 电脑，也可以在继续生产产品的同时维持运行 492 天	15
2020	美国新冠确诊病例数超过中国	https://nei.st/medium/wsj/u-s-coronavirus-cases-surpass-those-of-china-italy	专家表示，整体封锁是不够的。真正扭转疫情局面的是 2 月 2 日之后采取的更积极、更系统化的隔离机制，包括将疑似或轻症患者送往方舱医院和临时隔离点	15
2020	中国扭转疫情的最严厉举措，尚未被西方国家采用	https://nei.st/medium/wsj/chinas-progress-against-coronavirus-used-draconian-tactics-not-deployed-in-the-west	专家表示，整体封锁是不够的。真正扭转疫情局面的是 2 月 2 日之后采取的更积极、更系统化的隔离机制，包括将疑似或轻症患者送往方舱医院和临时隔离点	15
2020	意大利医院崩溃的教训：每错过一天，疫情就严重一点	https://nei.st/medium/wsj/lessons-from-italys-hospital-meltdown-every-day-you-lose-the-contagion-gets-worse	新冠病毒正把意大利拥有高科技医疗条件的富裕地区推向一场人道主义灾难	15
2020	白捡钱都不要？市场是真恐慌了	https://nei.st/medium/bloomberg/refusing-free-money-is-a-sign-of-fear	基差互换是外汇市场的一个神秘角落	15
2020	美联储首次真的转变成了一家商业银行	https://nei.st/medium/wsj/fed-unveils-major-expansion-of-market-intervention	美联储周一暗示，为帮助美国经济赢得与时间的赛跑，美联储将采取几乎任何举措，包括向各类大小企业发放贷款、无限量购买国债等	15
2020	新冠疫情加剧美中分歧与对抗	https://nei.st/medium/nytimes/confrontation-is-winning-out-over-cooperation-in-face-of-a-pandemic	本应联手消除病毒、挽救全球经济之际，美中关系恶化到新低	15
2020	美国海军陆战队计划转型以应对中国威胁	https://nei.st/medium/wsj/marines-plan-to-retool-to-meet-china-threat	五角大楼预测美国将迎来一个与中国和俄罗斯竞争加剧的时代，并计划为此投入成百上千亿美元	16
2020	意大利走上灾难之路	https://nei.st/medium/nytimes/early-missteps-set-italys-path-to-catastrophe	意大利的惨剧给全球拉响了警报，提醒各国当局不应心存幻觉、淡化威胁，制造错误的安全感	16
2020	每天仍检出多例无症状感染者 援鄂疾控工作队暂缓撤回	https://nei.st/medium/caixin/xzk35a3w8z_1t2amrgm1cg	疾控部门队伍暂缓撤退，是国家层面「对武汉、湖北情况暂时不放心」	16
2020	全球新冠病例一周翻倍，现接近 33 万	https://nei.st/medium/wsj/coronavirus-cases-surge-world-wide-as-trump-ramps-up-aid-for-states	截至周日，2019 冠状病毒病导致的全球死亡病例已超过 14,376 例	16
2020	疫情当前，关于衰退	https://nei.st/medium/bloomberg/what-to-know-about-recessions-as-virus-threatens-one	增长结束便是衰退	16
2020	全球市场至暗时刻尚未到来	https://nei.st/medium/wsj/the-worst-of-the-global-selloff-isnt-here-yet-banks-and-investors-warn	疫情给市场带来的最明显的损害之一可能就是打破了长期投资者根深蒂固的逢低买入的倾向	16
2020	生死金银潭：一支医疗队的 50 天	https://nei.st/medium/caixin/cw897a	生死一线，医护人员经历了太多无奈与沮丧，以及坚持与感恩	16
2020	中国农村防疫故事：打麻将的要逮，不服从的按倒	https://nei.st/medium/initium/coronavirus-rural-area	李跃鹏治好回来了，可他成了村里的瘟神，他上哪儿，就有哪儿的热心村民打电话向干部举报。现在李跃鹏又被拉回隔离了	16
2020	武汉滞留者口述：被迫共同生活六十天，我和家人的矛盾越来越大	https://nei.st/medium/initium/wuhan-residents-reflection	你身在这个地点，但是你跟这个地点其实是失去连接的	16
2020	现代货币理论的逻辑错误	https://nei.st/medium/comparative/the-logical-fallacies-of-modern-monetary-theory	现代货币理论主张的财政主导货币创造，与经济社会发展的生产过程存在严重脱节，政府与银行共同作为货币创造主体、合并中央银行和财政部资产负债表的观点更是存在严重逻辑错误	16
2020	货币主义的贫困	https://nei.st/medium/comparative/the-poverty-of-monetarism	如果不能解释货币如何进入经济体系，实际上就没有搞明白货币在经济中的作用	17
2020	中美「媒体战」升级：媒体是池鱼之殃，还是下一个「主战场」？	https://nei.st/medium/initium/china-banishes-us-journalists	从中国吊销 3 名美国记者的签证，到美国缩减中国官媒 60 名在美员工，再到中国驱逐 3 家美媒的十多名美籍记者……媒体已成中美冲突的前线	17
2020	从信任危机到世界救星，中国政府如何重建「大国自信」叙事	https://nei.st/medium/initium/mainland-pride-narrative-revival	自信叙事被广泛认可，也意味着宣传系统在 1 月和 2 月份屡次失手之后，终于借着国内疫情减缓、全球疫情暴发的「机会」，夺回了舆论场的话语权	17
2020	中国援助各国抗击疫情，打造全球领导者形象	https://nei.st/medium/nytimes/its-coronavirus-cases-dwindling-china-turns-focus-outward	随着美国和欧洲的疫情快速扩散，中国等最先受到疫情影响的国家正努力防止来自外部的感染。在亚洲各地，外来旅客被禁止入境或强制隔离，人们的恐惧和沮丧也在增长	17
2020	世界曾害怕中国带来病毒，现在情况发生了逆转	https://nei.st/medium/nytimes/world-feared-china-over-coronavirus-now-the-tables-are-turned	随着美国和欧洲的疫情快速扩散，中国等最先受到疫情影响的国家正努力防止来自外部的感染。在亚洲各地，外来旅客被禁止入境或强制隔离，人们的恐惧和沮丧也在增长	17
2020	疫症、排外与管治危机	https://nei.st/medium/initium/opinion-epidemic-hates-politics	这些危机表面上互不相关，但其实源自一种相同的社会结构和关系，或一种通过不断剥削、宰制他者，包括其他种族和动植物，视他们为只供我们所用的工具的现代人类存活方式	17
2020	意大利的新冠死亡病例已超过中国，美国新冠确诊病例过万	https://nei.st/medium/wsj/u-s-coronavirus-cases-surpass-10000	中国自疫情出现以来首次报告国内未出现新增感染病例	17
2020	中国抗疫策略强化「国进民退」	https://nei.st/medium/wsj/chinas-coronavirus-response-toughens-state-control-and-weakens-the-private-market	中共领导人正主要依靠国有企业来抗击新冠疫情，这一策略可能加快中国从市场经济的撤退	17
2020	道指收盘跌破 20,000 点，原油、国债和股市全部下跌，市场进入「现金为王」的新阶段	https://nei.st/medium/wsj/markets-enter-new-phase-where-cash-is-all-that-matters	美国股市、债市和大宗商品市场周三同时下跌，投资者争相套现，以抵御冠状病毒疫情造成的不断扩大的经济损失。道琼斯指数自 2017 年初以来首次收于 20,000 点以下	17
2020	那些比新冠还可怕的病毒	https://nei.st/medium/caixin/cw896d	病毒与细胞之间的战争长达数十亿年，在新冠之前，有过无数更惨烈的战役。	17
2020	从疫情的源头变为提供友善帮助的国家，中国正在国际上重塑自身形象	https://nei.st/medium/wsj/chinese-doctors-and-supplies-arrive-in-italy	中国可以宣称这是他们制度的胜利，因为他们控制住了这场疫情，而与此同时欧洲正在挣扎	18
2020	全球新冠病毒确诊病例超过 20 万	https://nei.st/medium/wsj/coronavirus-infections-approach-200-000-globally	截至美国时间周三，全球 2019 冠状病毒病 (Covid-19) 确诊病例数超过 214,800 例，此次疫情始发地中国内地之外的感染人数现已突破 13 万人	18
2020	戴不戴口罩，这是个问题	https://nei.st/medium/nytimes/chinese-american-coronavirus-mask	CDC 的建议是，除了医务人员，只有在你得了病或在医生的指引下才需要戴口罩。而且美国人的常识是，得了病就该好好在家呆着，不能满街乱跑，把病毒传播给别人	18
2020	渤钢重生	https://nei.st/medium/caixin/cw896h	总负债近 3000 亿元的国有钢铁集团重组案有两个样本意义：引入民企；用复杂债务置换化解风险	18
2020	断键——和平队与中国断绝关系	https://nei.st/medium/newyorker/broken-bonds	美国从未因外交纠纷叫停和平队项目，但这次中止中国项目的时机却显得可疑	18
2020	中国驱逐美国三大报纸驻华美籍记者	https://nei.st/medium/wsj/china-banishes-u-s-journalists-from-wall-street-journal-new-york-times-and-washington-post	这是后毛泽东时代中国对外国记者采取的最大规模驱逐行动	18
2020	中国宣布将驱逐《纽约时报》等三家报社美国记者	https://nei.st/medium/nytimes/china-announces-that-it-will-expel-american-journalists	将重要的报纸赶出去离关闭使馆仅一步之遥	18
2020	求解养老金危机	https://nei.st/medium/caixin/cw893j	第一支柱缺口增加，第二支柱覆盖有限，第三支柱艰难起步，中国养老金体系如何走出制度性困境？	18
2020	艰难的三支柱	https://nei.st/medium/caixin/cw893i	随着各类金融机构加入，以个人为主导的第三支柱养老市场，将形成混业竞争的格局	18
2020	长租公寓挣扎求生	https://nei.st/medium/caixin/cw896g	运营商长期带「雷」生存，迟迟无法形成正向现金流，碰上疫情这根导火索，就被打回了原形	18
2020	美股巨震，原因不只是新冠疫情	https://nei.st/medium/wsj/why-are-markets-so-volatile-its-not-just-the-coronavirus	除了新冠病毒和石油价格战，还有什么因素在美国股市的暴跌中推波助澜？	19
2020	中国赋予网警更大权力，压制有关疫情应对的愤怒和批评	https://nei.st/medium/nytimes/coronavirus-outrage-spurs-chinas-internet-police-to-action	网警利用监视技术监控网上言论，强行带走批评者，进行审讯和训诫，让他们噤声。习近平正努力推动中共的互联网铁腕统治，控制网民的思想、言论甚至记忆	19
2020	中国成为新安全港，躲避疫情者趋之若鹜	https://nei.st/medium/wsj/people-fleeing-coronavirus-head-to-a-new-safe-haven-china	几周前，许多人为了躲避新冠疫情而逃离中国。现在情况恰恰相反，人们纷纷前往中国，因为相信中国是世界上最安全的地方	19
2020	新冠病毒与经济不平等：一种恶性循环	https://nei.st/medium/nytimes/the-poor-are-harder-hit-by-the-spread-of-disease	疾病流行时，贫困和不平等可能会加剧疾病的传播速度和死亡率，影响到每个人	19
2020	美国新冠疫苗开始人体试验，时间早于预期	https://nei.st/medium/wsj/human-testing-begins-earlier-than-expected-for-u-s-coronavirus-vaccine	美国国立卫生研究院周一称，生物科技公司 Moderna 针对新型冠状病毒的试验性疫苗已开始首次人体测试	19
2020	疫情冲击全球供应链	https://nei.st/medium/caixin/cw896c	源自中国的第一轮冲击尚未平息，全球供应链又将迎来第二轮多点冲击，疫情将如何影响供应链？中国应如何面对挑战？	19
2020	疫情升级，美国经济面临大幅滑坡	https://nei.st/medium/wsj/u-s-braces-for-sharp-economic-downturn-as-coronavirus-bears-down	美国的联邦预算赤字很可能上探 2008 年金融危机之后创下的最高纪录方	19
2020	他们基本上在三周内耗尽了所有的弹药	https://nei.st/medium/caixin/dow-plummets-nearly-3000-points-as-virus-fears-spread	纽约证券交易所的交易员们周一见证了标普 500 指数在过去六个交易日内的第三次熔断	19
2020	美国及世界领导人加大力度，遏制病毒传播	https://nei.st/medium/wsj/u-s-world-leaders-step-up-efforts-to-slow-spread-of-coronavirus	新冠疫情大流行后，疫情中心转向欧美，许多政府领导人颁布了严格的举措	19
2020	美国战疫	https://nei.st/medium/caixin/cw893k	能否及时阻止新冠病毒攻陷全美，关乎全世界	19
2020	移动办公极速狂奔	https://nei.st/medium/caixin/cw896e	中国科技巨头不计成本地争夺疫情下企业和政府的办公流量，阿里、腾讯、华为和字节跳动开启新战役	20
2020	「熊」真的来了吗？	https://nei.st/medium/caixin/cw896f	波动性前所未有，投资者恐慌抛售，资金无处安放	20
2020	通向萨勒曼王朝	https://nei.st/medium/caixin/cw896b	曾经的「中东稳定之锚」沙特，在国际石油市场重拳不断，国内政局亦屡掀波澜，背后驱动力是打破「兄终弟及」王位传承传统	20
2020	政府与经济增长：能力和约束	https://nei.st/medium/comparative/state-and-economic-growth-capacity-and-constraints	政府在经济发展中的作用的贡献	20
2020	油价暴跌「三国杀」	https://nei.st/medium/caixin/cw896a	产油大国沙特、俄罗斯与美国为了市场份额相互博弈，成就一场震动全球的价格战	20
2020	中国推动阴谋论，称新冠病毒可能源自美国	https://nei.st/medium/nytimes/china-spins-tale-that-the-u-s-army-started-the-coronavirus-epidemic	外交部发言人赵立坚在 Twitter 上发帖称，新冠病毒可能是由去年 10 月访问武汉的美国军人带入中国的	20
2020	重估疫情冲击	https://nei.st/medium/caixin/cw895i	新冠疫情在全球快速蔓延，中国复工复产进度慢于预期。疫情对全球和中国经济的影响需要重估，各国在相对逼仄的政策中如何腾挪？	20
2020	日记中的伦敦大疫	https://nei.st/medium/caixin/cw895j	1665 年至 1666 年间，伦敦暴发令人色变的大瘟疫。皮普斯的日记如此珍贵，像散落在地的珠宝，每个读者都得用自己的见识和经验，自行把它串为通常我们称之为「历史」的东西	20
2020	竞逐新冠疫苗	https://nei.st/medium/caixin/cw895g	多个一流团队竞相研发疫苗，最快何时能应用？能否避免重蹈 SARS 疫苗研发的覆辙？	20
2020	新冠疫苗角逐加速	https://nei.st/medium/caixin/cw893h	从时间上来看，新冠 mRNA 疫苗开发及试验依然不可能属于那种「两个月就行」的一蹴而就，最快也得以年为时间单位来计算	20
2020	红旗背水一战	https://nei.st/medium/caixin/cw895h	一汽倾全集团之力采取非常措施扶持红旗，它急需快速上量，自我造血	21
2020	被遗忘的世界	https://nei.st/medium/caixin/cw894l	在这傍晚的福建街，一种强烈的冲动也在我心中升起，我要去这广阔的东南亚世界游荡，去追寻那些被遗忘的维新者、革命者的遗迹	21
2020	站在地上，我们知道	https://nei.st/medium/caixin/cw894k	萨拉最后的救赎就是写这本书。书的结尾，她和几个兄弟回到黄房子原址去割草。房子重建遥遥无期，割草只是为了表达无法安放的感情	21
2020	投放「救命钱」	https://nei.st/medium/caixin/cw893g	3000 亿元央行专项再贷款，如何投向新冠肺炎疫情防控最急需资金的企业，如何防范利益博弈和道德风险，阳光化运作最关键	21
2020	沙特王储搅动石油市场，这是幕后故事	https://nei.st/medium/wsj/saudi-arabias-crown-prince-tanked-oil-markets-heres-the-back-story	作为中东最有权势的人之一，王储选择在一个全世界都在关注新冠病毒疫情和金融市场遭遇大跌的周末维护他在国内外的地位，同时表明，他将利用沙特对石油市场的影响力来实现他的政治目的	21
2020	中国防疫战锁定新威胁：外国人	https://nei.st/medium/wsj/chinas-coronavirus-war-targets-a-new-threat-foreigners	近几日，随着国内新增确诊病例放缓，中国疫情防控的重点已转向在中国的外国人	21
2020	疫情笼罩消费金融	https://nei.st/medium/caixin/cw894i	共债风险、催收矛盾、网贷行业整治出清等，与疫情冲击叠加，考验着中国消费信贷市场的韧性；各类金融机构如何应对？线上化转型能否破局？	21
2020	道指暴跌 10%，创 1987 年来最大单日跌幅	https://nei.st/medium/wsj/stocks-plunge-10-in-dows-worst-day-since-1987	熊市来了	21
2020	物资驰援过难关	https://nei.st/medium/caixin/cw893f	全国乃至全球的防疫物资向武汉集结，产业链、物流压力陡增。在防疫和补给两条战线上如何协调作战？	21
2020	住房公积金：完善还是取消？	https://nei.st/medium/caixin/cw894j	取消住房公积金，是为企业减负还是损害职工利益？作为房地产制度的重要组成部分，公积金制度的调整要放在完善房地产制度的大框架下来协调推进	21
2020	直面养老金改革	https://nei.st/medium/caixin/cw893e	中国将面临着特殊的老龄化加剧问题，应从多个维度全面分析、测算、论证这一多维复杂问题，高度重视相关各方的激励作用，做出大胆有效的改革	22
2020	复工预备起	https://nei.st/medium/caixin/cw893c	企业开启复工复产，如何克服防疫、人力、原料、生产、销售、运输重重困难？	22
2020	全国复工大棋局	https://nei.st/medium/caixin/cw893d	疫情对经济的影响有多大，要看未来一两周「一手抓疫情防控、一手抓复工复产」的效果	22
2020	美股一周两次熔断 全球股市展开暴跌接力	https://nei.st/medium/caixin/opgjoolviul_bu6oxt3q6g	美股一周内有两个交易日出现熔断，北京时间 3 月 12 日晚间更是有加拿大、巴西、墨西哥等有多国股市触发了熔断	22
2020	中伊战略伙伴关系是伊朗新冠疫情爆发根源	https://nei.st/medium/wsj/strategic-partnership-with-china-lies-at-root-of-irans-coronavirus-outbreak	伊朗疫情蔓延之际，中伊战略伙伴关系受审视	22
2020	中国患病率不平等：社会经济因素研究	https://nei.st/medium/comparative/socioeconomic-status-and-morbidity-rate-inequality-in-china-based-on-nhss-and-charls-data	但这种策略从未奏效，它将威胁民众生命，引发公愤，最终破坏政府信誉	22
2020	世纪情报交易	https://nei.st/medium/washington-post/the-intelligence-coup-of-the-century	发达国家的防控举措七拼八凑	22
2020	疟疾、水坝、艾滋与肺炎：谭德塞的「政治经纪人」之路	https://nei.st/medium/initium/tedros-adhanom-who-africa	同时推动经济发展和公共卫生议程的能力，让谭德塞获得了非洲联盟的支持。他的这一政治特质，也左右了应对肺炎危机的手法	22
2020	新冠病毒防控失败后，西方国家转向传染病管理	https://nei.st/medium/wsj/after-containment-fails-italys-neighbors-shift-to-epidemic-management	发达国家的防控举措七拼八凑	22
2020	世卫组织宣布新冠病毒疫情构成全球大流行	https://nei.st/medium/wsj/coronavirus-declared-pandemic-by-world-health-organization	这个术语历史上只用在过少数几种疾病上，包括 1918 年的致命性流感、2009 年的 H1N1 流感以及艾滋病毒/艾滋病等	22
2020	联邦主义的张力之下：美国抗疫的政治难题	https://nei.st/medium/initium/us-epidemic-reflection	同时推动经济发展和公共卫生议程的能力，让谭德塞获得了非洲联盟的支持。他的这一政治特质，也左右了应对肺炎危机的手法	23
2020	美国如何错失了遏制新冠病毒的良机？	https://nei.st/medium/nytimes/a-lab-pushed-for-early-tests-but-federal-officials-said-no	它已经无处不在	23
2020	寻访 SARS 前线医护：十七年后，香港吸取教训了吗？	https://nei.st/medium/initium/hongkong-sars-doctors-lessons	当疫情再次重演，当年的伤痛有没有化作经验？谁记住了，谁忘记了？	23
2020	四人殉职，四人濒危——武汉中心医院「至暗时刻」	https://nei.st/medium/southern/2d0gtm9mya013vhvb6	安邦的主业不是保险，而是投资	23
2020	中国无视应对流行病的全球规范， 现在其他国家正在考虑北京的战略	https://nei.st/medium/wsj/how-china-slowed-coronavirus-lockdowns-surveillance-enforcers	中国减缓新冠疫情蔓延的办法：封城、管控、基层执勤	23
2020	编外的医者：非公医疗抗疫纪实	https://nei.st/medium/caixin/aimddkrlmyrn3exmdccfua	来自民营医疗机构的救治力量在新冠抗疫战中做了什么？来自学者的「逃兵」言论背后又是什么？	23
2020	安邦接管期做了什么？	https://nei.st/medium/caixin/cw894h	如何从 3 万亿资产瘦身？1.5 万亿短期保单是怎样兑付的？大家保险引战重组还有哪些坎儿？608 亿保险保障基金投入能否收回、如何收回？	23
2020	穿透安邦魔术	https://nei.st/medium/caixin/cw752a	2014 年安邦为满足监管要求一举增资 499 亿元，通过 101 家公司层层叠叠上溯到 86 名个人股东，凭借循环出资放大资本，明显涉嫌利用自己控制的保险资金虚假注资	23
2020	安邦大冒险	https://nei.st/medium/caixin/cw640a	黑马安邦继续在投资上攻城略地，创下业界奇观；安邦集团的股东已由早先的 8 家增至 39 家，资本金从 2014 年初的 120 亿元猛增至 619 亿元，背后有何玄机？	23
2020	安邦路线	https://nei.st/medium/southern/nfzm-1615a	仅仅十余年，安邦凭借强大的政商资源，从一家单纯的保险公司强势扩张成万亿规模的金融巨鳄。错综复杂的股权结构，如同一张「超级迷魂阵」，即使再分散，「大格局」从未改变	23
2020	「股神」安邦如何玩转「钱经」	https://nei.st/medium/southern/nfzm-1615d	安邦的主业不是保险，而是投资	24
2020	「蛇吞象」的交易 安邦控股「第一农商行」始末	https://nei.st/medium/southern/nfzm-1615c	安邦斥资 56 亿元成功控盘超千亿资产，这笔「相当划算」的交易如何达成？	24
2020	安邦「关键人」	https://nei.st/medium/southern/nfzm-1615b	2014 年 1 月之前，陈小鲁通过实际控制的三家公司，控制着安邦保险集团 51.3% 的股权	24
2020	黑马安邦	https://nei.st/medium/caixin/cw586a	控股成都农商行，拿下北京 CBD 黄金地块，连续举牌金地、招行、民生，成立不到十年的安邦为何如此凶猛？	24
2020	好莱坞瘟疫蔓延时：1918 年的病毒给「电影」带来什么？	https://nei.st/medium/initium/1918-virus-and-movie	瘟疫、僵尸、哥吉拉或是任何电影中的反派，都是对社会的一次道德模拟考试	24
2020	粉丝、偶像、国家——肖战粉打响与同人圈的跨圈战争后，谁被毁灭了？	https://nei.st/medium/initium/xiaozhan-fanquan-fans	饭圈战争，道德悬置时代粉丝的团结和举报	24
2020	发哨子的人	https://nei.st/medium/xgxjeexu4ikrbtdtwfi79q	作为传播的源头，她被医院纪委约谈，遭受了「前所未有的、严厉的斥责」，称她是作为专业人士在造谣	24
2020	美国股市暴跌超 7%，道指现 2008 年来最大跌幅	https://nei.st/medium/wsj/stocks-fall-more-than-7-in-dows-worst-day-since-2008	23 年来首次触发熔断机制，美股部分板块及欧洲主要股指跌入熊市	24
2020	过去一周中国以外新冠确诊病例数增加两倍	https://nei.st/medium/wsj/coronavirus-epidemic-is-close-to-a-pandemic-who-says	世卫组织表示，冠状病毒的流行已接近大流行	24
2020	李文亮所在医院为何医护人员伤亡惨重？	https://nei.st/medium/caixin/dv5d4kr4hupyzpiqepxp	武汉市中心医院医务人员感染比例和死亡人数均列武汉各医院之首。原因何在？	24
2020	温州抗疫往返跑：从武汉到全球	https://nei.st/medium/caixin/cw895f	行商天下的温州人面对全球蔓延的新冠病毒，抗疫成为了一场国内外协同作战	25
2020	杀猫、封路、强制隔离，中国式抗疫是如何形成的？	https://nei.st/medium/initium/coronavirus-mergency-management	应急预案多是「宣言性」文件，只为应付上级检查；举国抗疫政策被地方政府层层加码，追求政绩	25
2020	防住疫情倒灌中国	https://nei.st/medium/caixin/cw895e	从海外疫区回流人员数量增多，速度加快，疫情回流压力急剧攀升	25
2020	伊朗勉力抗疫：火药桶是怎样炼成的	https://nei.st/medium/caixin/cw895d	面对中东最严峻的疫情，伊朗与病毒的交锋杂糅了过多其他因素	25
2020	新冠挑战全球：被攻陷的五大洲	https://nei.st/medium/caixin/cw895c	新冠病毒已越过政治和地理边界，挑战各国治理，倒逼全球合作	25
2020	油价暴跌震动全球市场 美股再现历史性熔断	https://nei.st/medium/caixin/nfolttyxl2lfxstkzy5hrg	经过连续下跌之后，美国已经逼近技术熊市	25
2020	这场疫情是如何开始的：中国应对新冠初期的失策	https://nei.st/medium/wsj/how-it-all-started-chinas-early-coronavirus-missteps	从出现第一批感染者起，中国犯下了一系列错误。政治领导人迟迟未将风险公诸于众，也没及时采取坚定的防控措施，疫情因之加剧	25
2020	疫情危机损害国际形象，中国打响外交反击战	https://nei.st/medium/nytimes/beijing-battles-the-blow-to-its-image-as-a-power	中国政府的初期应对备受质疑，与多国的关系因疫情紧张。如今它开始反击：驱逐外国记者、抨击种族主义、暗示其他国家反应太慢，还暗示病毒源于其他地方	25
2020	新冠疫情前迁出中国的公司仍难摆脱中国供应链影响	https://nei.st/medium/wsj/companies-that-got-out-of-china-before-coronavirus-are-still-tangled-in-its-supply-chains	从出现第一批感染者起，中国犯下了一系列错误。政治领导人迟迟未将风险公诸于众，也没及时采取坚定的防控措施，疫情因之加剧	25
2020	寻找新冠解药	https://nei.st/medium/caixin/cw894d	在成千上万个化合物中识别特效药，只能靠科学精神	25
2020	阻断传播	https://nei.st/medium/caixin/cw894e	精确快速诊断有待突破，无症状感染者带来挑战，救治尚无神药	26
2020	为病毒画像	https://nei.st/medium/caixin/cw894f	研究者看清了敌人的样子，了解病毒进入人体的机制，发现不能利用 SARS 病毒抗体来对抗新冠病毒	26
2020	新冠解毒：从画像、阻断传播到寻找解药	https://nei.st/medium/caixin/cw894g	人类和病毒最新一次战役中有关科研的关键几束	26
2020	最严禁食令冲击	https://nei.st/medium/caixin/cw894a	全面禁食野生动物，怎样落实？	26
2020	专访黄仁勋：AI 弄潮儿	https://nei.st/medium/caixin/cw894b	从图形芯片的红海杀出，乘上 AI 的浪潮，创始人黄仁勋解读英伟达的道与术	26
2020	煤电拼盘甘肃样本	https://nei.st/medium/caixin/cw894c	国资委出台文件，准备推进五大发电集团在甘、陕、宁、青、新五省份的煤电资产整合，然而这与推进电力市场化之路不无矛盾	26
2020	柏林影展日记：另一部 DAU. degeneratsia，曾经给过好评的观众也愤然离开了	https://nei.st/medium/initium/berlinale-dau-degeneratsia	为何要通过公开国家领导人在最高权力机关的讲话来对地方官员进行攻击呢？	26
2020	万里长城是防御谁的呢？	https://nei.st/medium/initium/shenzhen-poet-virus-life	病毒来袭，正好检验国家机器管控的力量，是如何付诸高压实施的。来不及看待它是否过度或因为过度而有所不及，你更真切地体验到了，你 (哪怕躲起来写作) 并非不在这个举国体制的网格里面，更切实地体会到了你在网格化监禁处置间的定位和境遇	26
2020	《电影手册》不能接受的是什么	https://nei.st/medium/initium/cahiers-du-cinema-event	昔日缔造电影历史，今日编辑集体辞职	26
2020	24 亿德国艺术品在中国「失踪」之谜	https://nei.st/medium/caixin/cw895b	珍贵艺术品失联，这件在艺术品行业不可想象的事情，为何发生	26
2020	武汉冬天的八张面孔	https://nei.st/medium/caixin/cw895a	职业操守、服务精神、建设意志和对生的希望，将这座城市重新拉回人世	27
2020	一位武汉医生的抗疫纪实：「我们要倒下，你们怎么办？」	https://nei.st/medium/wsj/one-doctors-life-on-the-coronavirus-front-lines-if-we-fail-what-happens-to-you-all	一线医护人员正在缺少防护物资和睡眠的情况下竭力阻止一种人类不甚了解的全球性流行病。他们身心承受的压力达到极限	27
2020	我是 0.6 号	https://nei.st/medium/economist/bartleby/i-am-number-0-6	现代劳动者如何受评分的摆布​​​	27
2020	不可抗力：不可小觑的力量	https://nei.st/medium/economist/a-force-to-be-reckoned-with	中国企业利用一项含混的法律条款摆脱合同责任​​​	27
2020	住房市场的可怕错误	https://nei.st/medium/economist/the-horrible-housing-blunder	西方对「居者有其屋」的执迷损害了经济增长、公平和民众对资本主义的信心​	27
2020	该更新啦	https://nei.st/medium/economist/time-for-an-update	关于科技巨头接班人的讨论日渐喧嚣​	27
2020	生死之问	https://nei.st/medium/economist/schumpeter/an-existential-questioner	克莱顿·克里斯坦森那颠覆性创新的洞见将长存于世​	27
2020	互联网历史：失乐园	https://nei.st/medium/economist/paradise-lost	两本互联网回忆录《诡谷》和《潜伏》指向同一个紧迫的问题：互联网到底是谁的？​​​​	27
2020	美国的经济力量：受制裁惊吓	https://nei.st/medium/economist/spooked-by-sanctions	美国将美元用作武器。富裕国家和新兴国家正在另寻替代品​	27
2020	新冠疫情下，实验室处理致命病原体的风险引人关注	https://nei.st/medium/wsj/coronavirus-epidemic-draws-scrutiny-to-labs-handling-deadly-pathogens	随着越来越多的国家在类似于武汉病毒所这种隔离实验室内处理致命而奇特的微生物，发生事故或引发恐怖主义的风险正在增加	27
2020	民主及其不满：革命的讽刺	https://nei.st/medium/economist/the-ironies-of-revolution	从自由主义民主在东欧的历史理解该地区以及这种意识形态​	28
2020	纳米非小事	https://nei.st/medium/economist/no-small-matter	查尔斯·李波被捕​	28
2020	iScanning	https://nei.st/medium/economist/iscanning	一个基于人工智能的系统将在视网膜上搜索疾病的早期迹象​	28
2020	冲击疗法	https://nei.st/medium/economist/free-exchange/shock-therapy	新冠肺炎疫情给政策制定者带来了一种新型经济威胁​​	28
2020	近视的希望	https://nei.st/medium/economist/hope-for-myopes	中国 12 至 14 岁青少年近视率超过 70%。他们需要更多的户外时间​	28
2020	还抢得到吗？	https://nei.st/medium/economist/if-you-can-get-it	最终，机器人很可能会夺走你的工作	28
2020	撕毁规则	https://nei.st/medium/economist/free-exchange/tearing-up-the-rule-book	美国将美元用作武器。富裕国家和新兴国家正在另寻替代品​	28
2020	香港调查炸弹爆炸事件，抗议者焦点转向政府防疫举措	https://nei.st/medium/wsj/hong-kong-probes-bombings-as-protest-focus-turns-to-virus-response	香港一周之内发生四起涉及自制炸弹事件，表明那些主张使用武力的人激进化。虽然抗议者焦点已经转向对疫情和关闭边境的不信任，但更大的问题并未消失	28
2020	差序信任：中国何以「稳定」	https://nei.st/medium/initium/correspondsive-authority-trust-differential	为何要通过公开国家领导人在最高权力机关的讲话来对地方官员进行攻击呢？	28
2020	孙正义的另一个错误押注	https://nei.st/medium/bloomberg/inside-the-firings-at-softbanks-pizza-robot-startup-zume	如果创办人看上去非常自以为是、魅力十足——这让人想起年轻时的孙正义，那么软银严格的商业模式测试似乎就会失灵	28
2020	迷幻蘑菇 赛洛西宾 抑郁症 食品和药物管理局	https://nei.st/medium/bloomberg/shroom-therapy-startup-edges-toward-fda-approval	这个方案听上去可能让人觉得炫目	29
2020	隐秘的 YouTube 儿童频道霸主	https://nei.st/medium/bloomberg/popular-youtube-kids-channel-cocomelon-gets-into-merch-and-toys	就浏览量而言，Cocomelon 一个普通的视频足以让世界上大多数体育联盟、流行明星和电视剧的收视率都相形见绌	29
2020	疫情大考：习近平的生死战？	https://nei.st/medium/nytimes/xijinping-coronavirus-china	既然习近平自称「亲自指挥亲自部署」，那他是否应负最大责任？	29
2020	中国的疫情危机才刚刚开始	https://nei.st/medium/nytimes/chinas-coronavirus-crisis-is-just-beginning	正如许章润和许志永所言，正是中国体制的毒瘤使新冠疫情变成了严重程度远超应有水平的健康危机。疫情反过来暴露了这个党国的病态程度	29
2020	你也可能会感染新冠病毒	https://nei.st/medium/atlantic/youre-likely-to-get-the-coronavirus	大多数患者都不会有生命危险，而这恰恰也使得新冠成为史上最难控制的病毒之一	29
2020	美联储紧急降息 50 个基点，以应对疫情带来的恐慌	https://nei.st/medium/wsj/federal-reserve-cuts-rates-by-half-percentage-point-to-combat-virus-fear	但市场依然下跌，这反映出人们担心新冠肺炎疫情正加剧美国以及全球经济的衰退风险。此次降息是自金融危机以来美联储首次在两次政策会议之间调整利率	29
2020	疫情下的「中国制造」与全球采购：抗疫物资都去哪了？	https://nei.st/medium/initium/coronavirus-protective-suits-made-in-china	中国政府的大额海外采购和中国工厂的「出口转内销」，已经和民间捐赠形成零和博弈。主持大多数物资供给和调配的政府部门却在争议中隐身	29
2020	绿色自由、红色隔离，你是哪种颜色的二维码？	https://nei.st/medium/initium/coronavirus-hangzhou-health-code	健康码已在中国超过 200 个城市上线。居民必须提交证件信息和个人定位，并由系统决定其能否出门	29
2020	美国对中国官媒在美中国籍员工数量设置上限	https://nei.st/medium/wsj/u-s-orders-cap-on-chinese-state-media-personnel	以此作为对多年来北京方面收紧对美国新闻机构限制的反制举措	29
2020	中国推广健康码监控疫情和民众	https://nei.st/medium/nytimes/in-china-color-coded-data-raises-red-flags	冠状病毒暴发将会是中国开展大规模监控历史上的里程碑事件之一	29
2020	舆情作为社会「疾病」的隐患——网络生态治理新规背后的逻辑	https://nei.st/medium/initium/opinion-china-internet-ecology-regulations	我们不应回到常态，因为常态正是问题所在	30
2020	武汉左岭，一个地方防疫的失败样本	https://nei.st/medium/nytimes/an-isolated-suburb-of-wuhan-is-besieged-by-a-virus-and-by-fear	左岭的疫情发展揭示了地方层面防疫工作的混乱与不和谐。中央政府为控制病毒而施行的措施严重依赖于基层动员，一些偏僻的社区准备不足，面临疫情时变得极其脆弱	30
2020	新冠疫情显露持久战迹象，更多国家报告首例死亡病例	https://nei.st/medium/wsj/this-will-be-a-long-battle-more-countries-report-first-coronavirus-deaths	中国等地的死亡人数也在继续上升	30
2020	疫情对制造业的冲击超金融危机，中国经济前景堪忧	https://nei.st/medium/wsj/chinas-economy-reels-as-coronavirus-hits-manufacturing-worse-than-financial-crisis	中国政府甚至可能会公布第一季度经济出现文化大革命结束以来的首次萎缩	30
2020	面对流行病危机，「政治至上」的后果是什么？	https://nei.st/medium/nytimes/when-an-epidemic-looms-gagging-scientists-is-a-terrible-idea	这种策略几乎从未奏效过	30
2020	首任主席曾是纳粹高官？70 岁的柏林影展如何于历史瓦砾中迅速止血	https://nei.st/medium/initium/beilinale-international-film-fest-2020	承认过去犯错的意义在于，大家都活在过去的错误遗留下来的重大后果里，而且深受羁绊。过去的历史是无法超克的，因为过去无法被改变。但是，闭眼不看过去，只会造成对当下现状的盲目	30
2020	医改 17 年再复盘	https://nei.st/medium/yimag/jdkz8bb8phg9	公立医院们在地震、雪灾、疫情这种重大公共事件前的「讲政治」，反过来会巩固和增强它们的支持力量	30
2020	疫情之下，口罩生产商准备好了吗？	https://nei.st/medium/yimag/jdkz8bb6phg9	随着新型冠状病毒的爆发，各地都出现了口罩的抢购潮。口罩生产商该怎么应对呢？	30
2020	全球化时代的流行病魔咒？	https://nei.st/medium/yimag/jdkz8bb9phg7	全球化加快了人和物资的流通，也让细菌和病毒的流通更加便捷	30
2020	谁能成为中国医疗器械领域的 3M	https://nei.st/medium/yimag/jdkz8bb5phg9	3M 公司得以跨越百年的关键，是不断创新、开辟新领域的勇气。始终想突破低值市场天花板的国产医疗器械行业，更应该朝这一方向努力	30
2020	口罩荒的背后，是中国制造业转型的难题	https://nei.st/medium/initium/china-masks-industry	经此一疫，对中国未来产业经济发展影响最大的恐怕是跨国公司主动分散供应链布局来避免风险，这是特朗普发动贸易战的一个重要目标，很不幸，此次肺炎疫情可能会帮他做到	31
2020	善于报道生活方式的那位主编，又为优衣库出版了一本新杂志	https://nei.st/medium/yimag/jdkz8bb9phg9	《LifeWear Magazine》会出现在优衣库所有门店，每期发行量达到 100 万册。这是让那些正面临收益滑坡、渠道减少等危机的杂志羡慕的消息	31
2020	人类和疾病的故事	https://nei.st/medium/yimag/poqrsxw0acdt7hskdblhbg	在与病毒的战役中，我们从未真正获得胜利	31
2020	「人类的历史即其疾病的历史。」	https://nei.st/medium/yimag/jdkz8bb9phg8	人类无数次经历过因瘟疫或流行病而招致的「突如其来」「措手不及」「彻底改变」，我们已经吸取了很多经验，却很难保证不犯相同的错误	31
2020	2019 公司人薪酬福利大调查	https://nei.st/medium/yimag/jdkz8bb3phg9	过去一年，你对收入满意吗？	31
2020	疫情之下，2020 年会好吗？	https://nei.st/medium/yimag/jdkz8bb4phg9	眼前的困境终将结束，人才市场会进入一种新的平衡	31
2020	机器人搞不定土豆上的小坑	https://nei.st/medium/yimag/jdkz8bb7phg9	在西方，员工通常将自动化视为生存威胁，而在日本，机器人往往会被认为是「友军」	31
2020	病毒、革命和极权：中国病毒的政治学	https://nei.st/medium/initium/opinion-china-virus-resistance	在 SARS 危机的 17 年后，武汉病毒造成远超过 SARS 时期的巨大社会心理动荡和政治冲击	31
2020	每个经济体都经历过经济下行，但经济运行中断还是第一次	https://nei.st/medium/yimag/poqrsxw4acdt7hskdblhbg	意外的长假	31
2020	好像春天已经来了，但回到家中，就要面对具体的灾难	https://nei.st/medium/initium/coronavirus-baibuting	「万家宴」落幕后，百步亭发烧了	31
2020	「疫」外灾害：疫情阴影下的海外华人	https://nei.st/medium/yimag/poqrsxw1acdt7hskdblhbg	那些生活在海外的华人发现，「尽量不出门」居然也成为他们权衡之下的自我选择——虽然他们并没有生病	32
2020	口罩与哨声、行动与恐慌：疫症下的欧洲华人	https://nei.st/medium/initium/europe-chinese-coronavirus	有人在法国纪念李文亮，有人在意大利援助武汉，而对种族歧视的莫名恐慌，依旧在弥漫	32
2020	大数据在这次疫情防控中起了什么作用？	https://nei.st/medium/yimag/poqrsxw2acdt7hskdblhbg	对政府来说，大数据支撑了疫情期间大大小小的决策。对公众来说，大数据的相关产品，提供了疫情警示。这些实效或许有希望推动大数据真正成为城市管理的主流技术手段	32
2020	京沪保卫战	https://nei.st/medium/yimag/poqrsxw3acdt7hskdblhbg	随着复工陆续开启，控制疫情传播的焦点正逐步转到北京、上海等超级大城市的身上。它们是否拥有和体量相匹配的防御力？	32
2020	医用防护服为何如此缺？	https://nei.st/medium/yimag/poqrsxw5acdt7hskdblhbg	谁也没想到，作为制造业大国，中国在抗疫前线会如此缺乏医疗物资。问题出在哪里？	32
2020	禁赛八年！ 孙杨药检案宣布仲裁结果	https://nei.st/medium/caixin/wecinn6pfw8dcniai0zmua	仲裁委员会成员一致认为，孙杨违反了国际泳联反兴奋剂规则第 2.5 条规定——干扰兴奋剂检测中的任一环节	32
2020	症状轻微，全球连通：为何新冠病毒的传播如此迅速？	https://nei.st/medium/wsj/why-coronavirus-spreads-so-fast-symptoms-are-mild-and-people-are-global	由于病毒在世界范围内的传播速度超过了实施筛查措施的速度，因此感染病例正从裂缝中掉出来	32
2020	新冠病毒轻症患者多，这是好事还是坏事？	https://nei.st/medium/nytimes/most-cases-of-the-illness-are-mild-a-study-finds	对于官员和医学专家来说，这可能是一个让人宽慰的信号，但也给遏制病毒的传播带来了困难	32
2020	我是最早警觉起来的人，但是	https://nei.st/medium/yimag/poqrsxw7acdt7hskdblhbg	疫情对武汉人而言好比一场大型双盲测试，命运跟每个人说的都是戴口罩勤洗手不出门不信不传你不会有事的，只不过有的人在一个组，有的人在另一个组	32
2020	一副口罩的急客通道	https://nei.st/medium/yimag/poqrsxw6acdt7hskdblhbg	当所有的基金会和志愿者发动起来，散落在全球的医疗物资库存很快会浮出水面，但怎么到达焦虑的医生们手中，是一个复杂的过程	32
2020	无法归乡的人以及孤岛般的武汉	https://nei.st/medium/yimag/poqrsxw7acdt8hskdblhbg	武汉不仅是一座物理上的孤岛，也更像是一座信息的围城	33
2020	狙击新冠病毒	https://nei.st/medium/yimag/poqrsxw7acdt9hskdblhbg	单纯从科研工作的角度来看，此次疫情中的动作堪称迅速。但无论对于后方的实验室，还是前方的病房，信息和数据的充分公开与共享都是阻击病毒的基石	33
2020	柏林影展日记：引爆口碑的 DAU，是伟大艺术还是失常的监狱实验？	https://nei.st/medium/initium/berlinale-dairy-dau	目前看来，华语媒体人对此片的接受与认可程度都出奇的高，而外国媒体更多聚焦于影片制作背后的道德伦理	33
2020	武汉求生	https://nei.st/medium/yimag/poqrsxw7acdt3hskdblhbg	身处风暴级事件中心的人，往往并不比外围知情更早或准备更多——这便是过去一个多月以来武汉正在发生的	33
2020	特朗普的剑和盾	https://nei.st/medium/newyorker/william-barr-trumps-sword-and-shield	在宣誓就职 11 个月后，巴尔已经是最令人害怕、最饱受批评、最有效率的特朗普内阁成员	33
2020	命运将我降临武汉	https://nei.st/medium/yimag/poqrsxw7acdt5hskdblhbg	「对待生命你不妨大胆一点，因为我们始终要失去它。」尼采的这句话，突然给了我一些奇怪的慰藉	33
2020	新冠疫情冲击经济之际，习近平面临解除限制措施压力	https://nei.st/medium/wsj/as-chinas-economy-suffers-xi-faces-pressure-to-lift-virus-restrictions	许多地方官员私下抱怨称，中国国家主席习近平把他们置于一个两难境地，要求他们既要让经济增长处于正轨，还要确保疫情不扩散	33
2020	担心境外疫情输入，中国加强对入境人员健康筛查	https://nei.st/medium/wsj/china-tightens-screening-of-travelers-fearing-reinfection-from-abroad	在实施这些控制措施之前，中国政府曾在多个场合呼吁其他国家的政府不要对往返中国的旅行施加限制，称此类措施不符合世界卫生组织的指导方针	33
2020	封城之后，我送出了 9 万个口罩	https://nei.st/medium/yimag/poqrsxw7acdt6hskdblhbg	现在只剩下 200 个 KN95 了	33
2020	让我们记住在新冠疫情中殉职的医护人员……	https://nei.st/medium/yimag/poqrsxw7acdt2hskdblhbg	保护医护人员和医学技术人士就是保护其他人的生命。然而，医护人员的职业特殊性意味着他们在疫情中受到感染的风险更高	33
2020	他们的誓言	https://nei.st/medium/yimag/poqrsxw7acdt1hskdblhbg	高强度的工作，匮乏的物资，浓重的病毒，响亮的集结号，生死之交——疫情时期，这些是一线医护人员的日常	34
2020	我给医院捐了 300 瓶消毒液，想换一个妈妈的住院资格	https://nei.st/medium/yimag/poqrsxw7acdt4hskdblhbg	医院收下了她的消毒液，但她没有开口	34
2020	关于新冠病毒，我们目前所知道的	https://nei.st/medium/wsj/what-we-know-about-the-coronavirus-from-symptoms-to-who-is-at-risk	科学家和公共卫生官员一直在试图了解有关新型冠状病毒的情况	34
2020	新冠病毒基因测序溯源：警报是何时拉响的	https://nei.st/medium/caixin/lhchvbypnk5anp9stg61	种种证据显示，在去年 12 月底之前，有不少于九名不明肺炎病例的样本被从武汉各医院采集，基因测序显示病原体是一种类 SARS 冠状病毒，这些检测结果陆续回馈医院并上报给了卫健委和疾控系统	34
2020	瘟疫、语言和具体的人：与历史学家罗新的聊天	https://nei.st/medium/surplusvalue-luoxin-podcast	剩余价值播客 051	34
2020	中国对疫情的审查和宣传产生负面效果	https://nei.st/medium/wsj/chinas-virus-censorship-and-propaganda-draw-backlash	人们质疑中国媒体缺乏批判性报道，并对他们所称的打造共产党英雄的拙劣做法不屑一顾	34
2020	中国判处书商桂敏海 10 年监禁	https://nei.st/medium/wsj/china-sentences-bookseller-gui-minhai-to-10-years-in-jail	为了让该政权能便利行事，他们就迫使某人重新成为中国公民	34
2020	成为科比：一个商业体育偶像的生与死	https://nei.st/medium/initium/kobe-nba-influence	全球化时代的商业体育受众期待在偶像身上感知到更多与「热血」和「拼搏」相连的纯粹特质，而经营者热衷的却是兜售更有噱头的产品。作为大众偶像的科比·布莱恩特，因此成为极其矛盾的存在	34
2020	新冠疫情对经济的冲击源自恐慌，而非疫情本身	https://nei.st/medium/wsj/fear-of-coronavirus-rather-than-virus-itself-hits-economies	流行病也会引发广泛的不确定性甚至恐慌，政府部门和个人通常会大幅削减风险敞口	34
2020	只因没染上新冠，他们一再错过最佳治疗期	https://nei.st/medium/caixin/rot9-7lr1p8rff_t9wbk2w	随着新冠疫情防控战事拉长，留给各种非新冠患者就诊和治疗的空间却不断收窄，许多病人的生死亦悬于一线	34
2020	半导体信号	https://nei.st/medium/economist/buttonwood/the-semaphore-of-semis	从亚洲芯片业看世界经济	35
2020	奉俊昊的奥斯卡与韩国电影的疯狂秘密	https://nei.st/medium/fengjunhao-and-korean-movie-industry	奉俊昊说「我们写剧本不是为了代表国家，但这是给韩国的第一座奥斯卡奖杯。」	35
2020	恶疾之扰	https://nei.st/medium/economist/a-deadly-disease-disrupts	新型冠状病毒可能会对全球供应链产生持久的冲击	35
2020	翻箱倒柜	https://nei.st/medium/economist/free-exchange/rummaging-in-the-toolbox	经济学家希望能靠收益率曲线控制抵御下一次衰退，但这可能还不够	35
2020	冠状病毒：走不行，得跑了	https://nei.st/medium/economist/run-dont-walk	科学家正紧急研发疫苗对抗新型冠状病毒，即便赶不上眼前的疫情，他们的努力也不会白费	35
2020	从模范开局到全境失守：韩国防疫的不确定未来	https://nei.st/medium/initium/korea-coronavirus-break-out	韩国在 2015 年的 MERS 疫情中吸取了惨痛教训，但还是没能避免如今肺炎疫情猝不及防的爆发	35
2020	疫症危机与安倍体制，战后最集权的首相如何陷入困境？	https://nei.st/medium/initium/japan-coronavirus-abe-shinzo	对安倍而言，东京奥运会终究是无法放弃的最大政绩，这也让揣度上意的官僚们在应对疫情时尤为迟缓	35
2020	冠状病毒经济学：封城	https://nei.st/medium/economist/locked-down	中国的半隔离状态将损害国内外经济增长	35
2020	恢复记忆	https://nei.st/medium/economist/memory-loss-and-gain	芯片制造商度过了艰难的一年，形势正在好转	35
2020	贝佐斯的大计划	https://nei.st/medium/atlantic/jeff-bezoss-master-plan	亚马逊的创始人 CEO 为他的帝国和他自己做了哪些安排？他的大计对我们又意味着什么？	35
2020	两月来，华南海鲜市场附近福利院发生连续密集死亡	https://nei.st/medium/caixin/bd7ob5jnmh0jiny8	武汉市社会福利院距离华南海鲜市场仅数百米，2019 年 12 月至 2020 年 2 月密集死亡 19 人	36
2020	会会新老板	https://nei.st/medium/economist/meet-the-new-boss	2020 年代的管理经	36
2020	商业秘密：种豆得豆	https://nei.st/medium/economist/as-you-sow	《科学家与间谍》书评：爱荷华州种子偷盗事件如何刺激了美国对中国的忧惧	36
2020	辛格与孙正义 PK	https://nei.st/medium/economist/singer-son-time	美国一家维权投资机构想要促成软银改革。祝好运	36
2020	高通共产主义宣言	https://nei.st/medium/economist/schumpeter/the-qualcommunist-manifesto	靠仿效国家资本主义，美国将无法在 5G 上击败中国	36
2020	最佳数字	https://nei.st/medium/economist/bartleby/the-number-of-the-best	探索团队和组织的最佳规模	36
2020	民间大救援	https://nei.st/medium/caixin/cw893b	面对燎原疫情，信息有限、防护不足、装备不足的一线医护人员怎样倾尽全力，抢救每一条生命	36
2020	挂钩与脱钩	https://nei.st/medium/economist/of-coupling-and-decoupling	技术发展仍可能导致激烈冲突	36
2020	由底至顶	https://nei.st/medium/economist/from-bottom-to-top	中国正在逐步向微处理价值链的上游攀登	36
2020	新三合一	https://nei.st/medium/economist/a-new-trinity	人工智能的成功倚赖优良的数据和廉价的劳动力	36
2020	懒惰的大脑	https://nei.st/medium/economist/laser-brain	中国人的创造力反映出法律的不足	37
2020	电动飞跃	https://nei.st/medium/economist/electric-leapfrog	中国从没能精通内燃机。电动车会不一样	37
2020	反应堆和铁路	https://nei.st/medium/economist/reactors-and-railways	国家帮助核工业和高速列车网络跻身世界一流	37
2020	香港正出现「失败国家」征兆	https://nei.st/medium/bloomberg/hong-kong-is-showing-symptoms-of-a-failed-state	在这场口罩风波之后，又发生了卫生纸恐慌抢购潮，我们难以想像这种事会发生在任何其他国际金融中心	37
2020	在即将到来的被称为战争胜利的万人合唱中，让我们默默站到一边，成为一个心里有坟墓的人	https://nei.st/medium/initium/coronavirus-yanlianke	阎连科 2 月 21 日在香港科技大学网络授课的第一讲	37
2020	我们还没有为下一次全球病毒爆发做好准备	https://nei.st/medium/bloomberg/man-vs-microbe-were-not-ready-for-the-next-global-virus-outbreak	Man vs. Microbe	37
2020	新型冠状病毒如何影响经济	https://nei.st/medium/bloomberg/the-lasting-toll-of-a-deadly-virus	没有人知道疫情会有多严重，而全球化受到的冲击将久久不散	37
2020	澳洲山火的启示	https://nei.st/medium/bloomberg/australias-vast-wildfires-foretold-in-2007-un-climate-warning	遗憾的是，这一幕幕惨剧对我们来说将变得越来越司空见惯	37
2020	美国全民就业的迷思	https://nei.st/medium/bloomberg/even-the-fed-struggles-to-nail-down-the-meaning-of-full-employment	自从在美国经济大萧条期间被提出以来，全民就业一词就一直具有强烈的政治含义	37
2020	火线救人 50 天	https://nei.st/medium/caixin/cw893a	面对燎原疫情，信息有限、防护不足、装备不足的一线医护人员怎样倾尽全力，抢救每一条生命	37
2020	当务之急不是社会适应政府，而是政府适应社会	https://nei.st/medium/initium/zhouxueguang-epidemics-state-and-society	社会学家周雪光谈肺炎危机 (下)	38
2020	中国官僚如何失去了主见和能动性？	https://nei.st/medium/initium/zhouxueguang-epidemics-and-chinese-bureaucracy	社会学家周雪光谈肺炎危机 (上)	38
2020	「中医抗疫传说」是如何打造的？	https://nei.st/medium/initium/mainland-coronavirus-traditional-chinese-medicine	中国官方推荐的诊疗方案中，有含 4 种强毒性成分的「安宫牛黄丸」，还有传统中医和西医都不认可的中药注射剂	38
2020	腾讯入股环球唱片：中国音乐产业建立了「文化自信」论述？	https://nei.st/medium/initium/culture-music-industry-tencent-universal	中国音乐市场如何从全世界的反面典型变成世界第七大市场、跻身国际舞台，是一种「大国崛起」吗？	38
2020	下一个全球大流行病，世界仍将猝不及防	https://nei.st/medium/initium/world-preparedness-to-next-pandemics	世界对于大流行病的准备程度，不在于哪个国家或机构做得最好，而在于那些最脆弱的环节	38
2020	剃发、哺乳与卫生巾：「抗疫」中，被展演、挪用与牺牲的中国女性身体	https://nei.st/medium/initium/opinion-female-narrative-epidemic	一个女人被裹挟了，她不用知道，也不必知道，她既是主动的，也是被选中的	38
2020	等待包机的武汉外孙与台北母亲	https://nei.st/medium/initium/taiwan-wuhan-family	两岸间从未止息「战时体制」与「暂时体制」	38
2020	上岸之后	https://nei.st/medium/caixin/cw890g	长江开启十年禁渔，渔民失去谋生手段，生活如何维持？补贴从哪里来，如何分配？	38
2020	中国驱逐三名《华尔街日报》记者	https://nei.st/medium/wsj/china-expels-three-wall-street-journal-reporters	这三名记者为《华尔街日报》的新闻部门工作。《华尔街日报》严格区分新闻和观点	38
2020	疫情肆虐之下，世界向中国关闭大门	https://nei.st/medium/wsj/amid-coronavirus-the-world-closes-its-doors-to-china-i-feel-so-isolated	由于担心新冠病毒疫情扩散，世界切断了与中国的许多联系	38
2020	俄罗斯能不能没有普京？	https://nei.st/medium/bloomberg/putin-has-a-plan-to-keep-running-russia-without-being-president	普京统治俄罗斯已经超过 20 多年，他不明白的是，俄罗斯将要进入的、恰恰是他将要退出的一个阶段	39
2020	微信商业化四面出击	https://nei.st/medium/caixin/cw890h	搭建电商新生态、广告寻扩容、整合营销变路径，微信流量的商业化变现之路越发急迫	39
2020	若放不下对婚姻的贫瘠认知，谈论《婚姻故事》就是浪费	https://nei.st/medium/initium/culture-films-shoot-marriagestory	这部失意于奖项的电影并非要讲婚姻和感情的吊诡，粗暴的感同身受便错过了作品的精彩之处	39
2020	如何在乱世中创造成长？	https://nei.st/medium/economist/the-world-in-2020/creating-growth-in-a-turbulent-age	世界银行总裁马尔帕斯 (David Malpass) 表示，如果世界各国将重点放在消除经济成长障碍的改革，就可以达到共荣的目标	39
2020	疫情阴云时的人权律师：新一轮抓捕与新一轮逃亡	https://nei.st/medium/initium/mainland-lawyers-arrested-escape	「比封城更严重的，是封口。」	39
2020	武汉病人	https://nei.st/medium/initium/coronavirus-patients-no-way-of-hospital	不是所有的故事都能够知道后来的具体走向，在跟踪采访中，有一些人中断了联系，另一些则是记者不忍再去打扰	39
2020	泄密文件显示维吾尔人被送入新疆再教育营的原因	https://nei.st/medium/wsj/document-shows-chinese-officials-calculations-in-waging-xinjiang-campaign	这份文件聚焦被拘押在墨玉县的 311 个人，让人难得一瞥中国官员在新疆开展他们所称的打击极端主义运动时考虑的因素	39
2020	渠道传播病毒？关于渠道，你不得不知道的原理和陷阱	https://nei.st/medium/initium/conoravirus-drainage-system	新冠病毒肺炎能否透过粪便传播，至今仍然是谜团，但在疫情阴霾之下，贯穿各户斗室的一条条渠道水管却使人惶恐	39
2020	消逝的「购物天堂」	https://nei.st/medium/caixin/cw891g	香港零售业正经历最凛冽的寒冬，市场结构性变革，以及半年来的两次「黑天鹅」事件都让往昔辉煌一去不复返	39
2020	地方攻坚 2020	https://nei.st/medium/cw890f	2019 年四成省份增速不及预期，使 2020 年增长预期普降，推进制造业升级、融入城市群、优化营商环境，是各省份的重要任务	39
2020	世界经济吹出三大泡沫	https://nei.st/medium/economist/the-world-in-2020/south-sea-stories	300 年前发生的「南海泡沫事件」，投资人还是没学到教训。三大领域可能吹出下一个大泡沫	40
2020	中国政府把公众的反应当「细菌」，然后拼命地施加抗生素的剂量	https://nei.st/medium/initium/liushaohua-dialogue	「防疫」中国内部，缺乏伦理的医疗技术与政治文化	40
2020	拯救武汉：实录封城后最艰难的三周	https://nei.st/medium/caijing/edmna6pilviuq572ih6e4a	一座人口过千万的超级大都市在突降灾疫后陷入休克，然后艰难走出混乱无望	40
2020	习近平称其 1 月 7 日就下令防疫，这意味着什么？	https://nei.st/medium/nytimes/new-timeline-of-events-as-xi-says-he-led-fight-against-virus-early-on	这种新说法可能会让中国数十年来权力最大的领导人直接面临这样的问题：高层领导人是否做得太少、太晚	40
2020	缺席的领袖身体：关于「亲自」的笑话与灾难中的政治奇观	https://nei.st/medium/initium/opinion-pneumonia-top-leader-absence	他似乎是永远在场又是时常缺席的，高度可见同时高度隐形的，但人们现在发出了这样的疑问：看似掌握着最高权力的领导人，到底能不能做出有效的治理决策？	40
2020	柴春芽：瘟疫流行时，一个日本社区的生活	https://nei.st/medium/initium/japanese-virus-community-life	这些单独的个人自治体交织而成一个丰富多彩的社区，一种适当距离中的人际协作关系	40
2020	消费停摆、中小企业告急，疫情令中国经济付出哪些代价？	https://nei.st/medium/initium/mainland-coronavirus-impact-economy	但若照搬 SARS 经验研判今次疫情对经济的影响幅度或程度，恐怕是刻舟求剑	40
2020	中国经济抗疫	https://nei.st/medium/caixin/cw890e	投资者目前仍在观望，疫情防控进程、信息披露透明度、中国政府将出台哪些相关政策，都将决定资本市场和宏观经济的未来走向	40
2020	工业：闪击之后	https://nei.st/medium/caixin/cw891e	新冠肺炎疫情威胁到的不仅仅是人们的健康，实体经济也遭受着突如其来的冲击，寒意正浓	40
2020	认错，悔过：中国控制新疆穆斯林的方式转变	https://nei.st/medium/wsj/admit-your-mistakes-repent-china-shifts-campaign-to-control-xinjiangs-muslims	更为微妙的控制依然存在	40
2020	消费待重启	https://nei.st/medium/caixin/cw891d	疫情在春节来袭，餐饮、酒旅、影视、商业地产瞬间停摆，若疫情持续三月以上，服务业将遭深重打击	41
2020	冲击过去再起步	https://nei.st/medium/caixin/cw891c	中国经济经历 2003 年以来的又一次考验	41
2020	金融战「疫」进行时	https://nei.st/medium/caixin/cw891f	疫情对金融市场的短期冲击已基本释放，下一步信贷倾斜政策如何落实是关键，银行业亦需防范信用风险和道德风险	41
2020	奥斯卡：变了天地还是换了人间	https://nei.st/medium/caixin/cw892k	每一次剧情的转折推进，每一个场景的张力设计，每一组人物的形象性格，都像是工业流水线上精工细作的结果——精确，却缺乏灵性。这也是好莱坞工业流水线作品的至高复刻，更是奥斯卡最为偏爱的那种优秀但毫无颠覆、挑衅意味的佳作	41
2020	动物保护，我们落后在哪儿	https://nei.st/medium/caixin/cw892j	在今天新冠肺炎疫情暴发的景况下，我们亟须将尊重生命、爱护弱小、爱护动物的基本理念传达给百姓	41
2020	楼市暂停以后	https://nei.st/medium/caixin/cw892i	疫情将现金流紧张的房企逼到生死关口，业内期待调控政策松绑	41
2020	疫情来袭，中国公民意识会重新苏醒吗？	https://nei.st/medium/initium/opinion-china-resistance	走过的人说树枝低了，走过的人说树枝在长	41
2020	地方求解财政紧平衡	https://nei.st/medium/caixin/cw892h	减税降费影响持续释放、刚性支出不减，叠加疫情冲击，2020 年地方财政收支压力有增无减，如何腾挪？	41
2020	2019 年财政收入未达目标	https://nei.st/medium/caixin/cw892g	2019 年全国财政收入增速回落至 3.8%，未能实现年初预算安排的 5% 目标增速	41
2020	艰难的「清零」	https://nei.st/medium/caixin/cw892f	从集中隔离「清零」到应收尽收「清零」，基层社区承担着疫情防控最沉重的压力，也暴露出最复杂的问题	41
2020	封面报道：保卫湖北	https://nei.st/medium/caixin/cw892a	勾勒湖北防疫战全景，寻找终止疫情的密码	42
2020	16 城抗疫记录·治理篇	https://nei.st/medium/caixin/cw892e	孝感·鄂州·咸宁·襄阳·潜江	42
2020	16 城抗疫记录·产业篇	https://nei.st/medium/caixin/cw892d	仙桃·荆门·神农架·十堰	42
2020	16 城抗疫记录·防控篇	https://nei.st/medium/caixin/cw892c	黄冈·随州·宜昌·荆州·天门·恩施·黄石	42
2020	16 城抗疫记录	https://nei.st/medium/caixin/cw892b	就在武汉疫情的或明或暗中，各地已陆续与病毒狭路相逢	42
2020	银行疯了？花钱求你来借钱	https://nei.st/medium/economist/the-world-in-2020/mad-as-a-banker	在欧洲，当个放款者不如当借款者。因为负利率时代，借钱不用还那么多	42
2020	「钱」景堪忧	https://nei.st/medium/economist/the-world-in-2020/rates-of-decline	大降息时代，银行得准备好面对获利缩水的一年	42
2020	虚拟货币的关键年	https://nei.st/medium/economist/the-world-in-2020/the-road-to-libraration	就算脸书的虚拟货币 Libra (天秤币) 没有在 2020 年启用，明年依旧会是虚拟货币的关键年	42
2020	经济要衰退了？别太早下定论！	https://nei.st/medium/economist/the-world-in-2020/recession-dont-bet-on-it	2020 年的一大惊喜，或许是市场氛围会快速回弹	42
2020	Joey Levin	https://nei.st/medium/bloomberg/the-bloomberg-50/joey-levin	IAC/Interactive Corp. 首席执行官	42
2020	Robert Smith	https://nei.st/medium/bloomberg/the-bloomberg-50/robert-smith	Vista Equity Partners 董事长兼首席执行官	43
2020	武汉居民质疑新冠病毒检测试剂盒的准确性	https://nei.st/medium/wsj/at-outbreaks-center-wuhan-residents-question-accuracy-of-virus-tests	根据伦敦帝国理工学院截至 1 月 31 日的估计，每 19 个被感染的武汉人中只有一个得到检测和确诊	43
2020	中国因抗疫不力罢免迄今级别最高的两名官员	https://nei.st/medium/wsj/china-fires-highest-level-officials-yet-over-coronavirus-outbreak	这是中国到目前为止因防控疫情不力而被免职的最高级别官员。与此同时，美国从武汉撤回的侨民中出现第一例感染病例	43
2020	校办企业北大方正集团陷入债务危机	https://nei.st/medium/wsj/a-chinese-college-nurtured-a-sprawling-business-empire-then-came-a-debt-crisis	由于积累了大量短期债务，方正集团今年几乎每个月都有一批债券到期，而其巨额房地产投资已将其资金套牢在长期资产上	43
2020	隔离病房还是感染温床？武汉方舱医院引发专家担忧	https://nei.st/medium/nytimes/warehousing-patients-also-has-its-hazards	「这是一种过时的流行病应对措施，因为你更在乎健康人群，而不是患者。」	43
2020	多地现社区传播与聚集性疫情，新冠病毒传染力引发警惕	https://nei.st/medium/nytimes/hot-spots-for-virus-are-flaring-from-hong-kong-to-french-alps	中国有近 1000 起聚集性疫情，其中 83% 发生在家庭	43
2020	Simón Borrero, Sebastian Mejia, Felipe Villamarin	https://nei.st/medium/bloomberg/the-bloomberg-50/simon-borrero-sebastian-mejia-felipe-villamarin	Rappi 公司创办人	43
2020	Brian Donnelly, aka Kaws	https://nei.st/medium/bloomberg/the-bloomberg-50/brian-donnelly-aka-kaws	艺术家	43
2020	不一样的新旅人：中国千禧世代	https://nei.st/medium/economist/the-world-in-2020/chinas-new-travellers	携程执行长孙洁认为，中国旅游业成长所带来的巨大利益收益，将不仅体现在经济方面	43
2020	「就像中世纪的欧洲」：新冠疫情重创中国经济	https://nei.st/medium/nytimes/virus-lockdown-stifles-economy-in-a-wary-china	这个世界上最大的经济体之一仍然基本上处在停摆状态	43
2020	疫情预警迟到，谁在推卸责任？	https://nei.st/medium/initium/novel-coronavirus-nhc-vs-cdc	从地方政府到中央机构，上演了一场「击鼓传锅」	44
2020	脱欧之后	https://nei.st/medium/caixin/cw891b	过去三年半的脱欧进程已经一波三折，未来 11 个月的过渡期谈判依旧不会平静	44
2020	欧盟将要想念英国	https://nei.st/medium/bloomberg/the-european-union-is-going-to-miss-the-u-k-when-its-gone	英国已于 1 月 31 日正式脱欧，即使还有近 11 个月的过渡期谈判	44
2020	习近平在疫情爆发后首次前往一线视察	https://nei.st/medium/nytimes/xi-on-beijing-front-line-lets-not-shake-hands	证据非常清楚地表明了坠机可能并且可信的原因	44
2020	Kylie Jenner	https://nei.st/medium/bloomberg/the-bloomberg-50/kylie-jenner	Kylie Cosmetics 首席执行官	44
2020	Bhushan Kumar	https://nei.st/medium/bloomberg/the-bloomberg-50/bhushan-kumar	T-Series 董事长	44
2020	要如何在沙漠种植生菜？	https://nei.st/medium/economist/the-world-in-2020/farming-on-the-rise	与室外种植相较，这间垂直农场的用水量减少了 99%	44
2020	「消失」的习近平：新冠疫情可能对中国政局产生何种影响	https://nei.st/medium/nytimes/china-in-crisis-xi-backs-away-from-spotlight	习近平告诉世界卫生组织总干事谭德塞他「亲自指导」了政府应对疫情的工作。官媒在后来的报道中没有用这个说法。因为官媒报道习近平时的用词从来都不是偶然的，这个小改动暗示了强调共同责任的刻意做法	44
2020	谁是美中贸易战的受益者？	https://nei.st/medium/wsj/u-s-china-trade-war-reshaped-global-commerce	让我们来看看那些在全球贸易体系中趁机补缺的经济体	44
2020	习近平不仅要打疫情战，还要应对政治危机	https://nei.st/medium/wsj/chinas-leader-wages-a-war-on-two-fronts-viral-and-political	面对新冠病毒疫情，中国国家主席习近平动员了庞大的国家机器，一方面旨在抗击该疫情，另一方面也是为了抑制自 2012 年他上台以来最炽烈的公众怒火	44
2020	Ramon Ang	https://nei.st/medium/bloomberg/the-bloomberg-50/ramon-ang	生力集团 (San Miguel) 主席	45
2020	Mette Frederiksen	https://nei.st/medium/bloomberg/the-bloomberg-50/mette-frederiksen	丹麦首相	45
2020	机器人无法取代的「南丁格尔」	https://nei.st/medium/economist/the-world-in-2020/florence-and-the-machine	2020 年是南丁格尔 200 岁冥诞，也被 WHO 订为「护理年」，凸显全球护理师的潜力和挑战	45
2020	奥斯卡前夕预测：「老白男」能度过外强中干的转型期吗？	https://nei.st/medium/initium/oscar-preview-2020	群众对美国的孺慕之情已然在淡去，美国在音乐与影像上的领先地位慢慢被动摇，美国影坛过去最强大的造梦能力也被众多平台与资金分散所影响	45
2020	Hong Kong protesters	https://nei.st/medium/bloomberg/the-bloomberg-50/hong-kong-protesters	香港的示威者	45
2020	个人飞行器升空	https://nei.st/medium/economist/the-world-in-2020/lift-off	飞行车不是梦！小型个人电动飞行器，即将问世	45
2020	Popeyes’ fried chicken sandwich	https://nei.st/medium/bloomberg/the-bloomberg-50/popeyes-fried-chicken-sandwich	大力水手炸鸡 (Popeyes) 的炸鸡汉堡	45
2020	抢救新冠病人	https://nei.st/medium/caixin/cw891a	全中国重症医学人员云集武汉，降低死亡率的阻击战进入关键时分，医生在做什么？危重病人靠什么活下来？缓解问题的关键在哪里？	45
2020	当无处可逃时，我们无法再逃离这个时代	https://nei.st/medium/initium/pneumonia-diary-huanggang	我希望大家的愤怒可以保持得更久一些，不要疫情一结束就什么都忘了	45
2020	从香港到武汉，对抗系统性败坏	https://nei.st/medium/initium/opinion-hk-2019-ncov-china	香港人和武汉市民所面对的，其实是同一专制带来的恶果	45
2020	邓聿文：中国脆弱之处	https://nei.st/medium/initium/opinion-fragile-china	中国舆论近期三件事，一个关乎公共健康安全，一个关乎特权和社会平等，一个关乎贫富、慈善和社会救济，非简单巧合，而具很强的象征性	46
2020	武汉疫情：封城是最好的办法吗？	https://nei.st/medium/initium/d4gdq_in4zz61bxmhsoda	目前封城措施估计能减少 25% 的感染病例，但会制造更多恐慌，并将许多疫情埋在了公众看不到的地方	46
2020	「吹哨者」李文亮之死引众怒，中国网民发起反抗	https://nei.st/medium/nytimes/online-revolt-in-china-as-a-doctor-is-lionized	不要问丧钟为谁而鸣，它就是为你而鸣	46
2020	飞向未知，浩瀚无垠！	https://nei.st/medium/economist/the-world-in-2020/into-the-uncertain-yonder	2020 年发射升空的太空任务，从探索火星到防卫地球都有	46
2020	Brian Niccol	https://nei.st/medium/bloomberg/the-bloomberg-50/brian-niccol	连锁餐厅 Chipotle Mexican Grill 首席执行官	46
2020	Kevin Mayer	https://nei.st/medium/bloomberg/the-bloomberg-50/kevin-mayer	迪士尼直接面向消费者和国际业务部门主席	46
2020	武汉进入「战时状态」：封锁力度加强，恐面临人道灾难	https://nei.st/medium/nytimes/beijing-imposes-extreme-limits-on-ill-in-wuhan	高层笼统呼吁采取行动造成的困惑，以及基层的混乱情况表明，中国政府还没处理好这场危机	46
2020	那些话我们原不肯说，只因为怕被人牢记	https://nei.st/medium/wcl71j3zkntoqovclbgyea	没错，这个世界早就不会好了，但这依然是我们要继续等待春天的世界	46
2020	别让普通人李文亮，仅仅成为体制崩坏的注脚	https://nei.st/medium/initium/in-memory-of-li-wen-liang	这不仅是一个曾说过真话的个体的离去，或也是一整个中国叙事在历经一个多月的肺炎危机后，彻底破灭的象征	46
2020	舆情观察：李文亮去世后互联网上的一夜	https://nei.st/medium/initium/liwenliang-public-opinion	无论这个世界最终烂成什么样子，都是在我们的默许之下完成的	46
2020	中国冠状病毒感染病例超 3 万，疫情「吹哨人」李文亮医生去世	https://nei.st/medium/wsj/chinese-doctor-who-issued-early-warning-on-virus-dies	中国新闻媒体的两名编辑说，他们收到了一份通知，要求只报官方声明，淡化李文亮的死亡	47
2020	Doug McMillon	https://nei.st/medium/bloomberg/the-bloomberg-50/doug-mcmillon	沃尔玛 (Walmart) 首席执行官	47
2020	Simone Biles	https://nei.st/medium/bloomberg/the-bloomberg-50/simone-biles	体操运动员	47
2020	串流科技，改写电玩业	https://nei.st/medium/economist/the-world-in-2020/playing-a-different-game	串流已经改变了电视与音乐，现在轮到电玩了，不过难度会很大。串流科技，改写电玩业	47
2020	谁是肺炎危机的答案？	https://nei.st/medium/initium/opinion-bureau-civil-society-which-is-solution	从高铁到官僚，中国的什么变化为病毒敞开了门户？	47
2020	从武汉返乡后，他们被泄露隐私、被警察铐走、被酒店驱赶	https://nei.st/medium/initium/mainland-novel-coronavirus-wuhan-people	列车已经不再售卖目的地是「武汉」的车票，但到达武汉站时，车门仍然会打开，在列车员的和其他乘客的目睹下，车上三分之一的乘客突然默契地一起下车	47
2020	中国冠状病毒感染病例超 2.8 万，武汉定点医院无力收治轻症患者	https://nei.st/medium/wsj/wuhan-coronavirus-hospitals-turn-away-all-but-most-severe-cases	这种病毒已经让中国湖北省的医疗系统不堪重负，一线医疗人员被迫拒收病人，同时中国政府在争分夺秒修建新医院	47
2020	新冠病毒，知道与不知道的	https://nei.st/medium/china-newsweek/bdf0fhbypatt00bk7483tg	科学与新冠病毒的竞赛	47
2020	美国贸易逆差六年来首次收窄，中国不再是最大贸易伙伴	https://nei.st/medium/wsj/u-s-trade-deficit-narrows-for-first-time-in-six-years	这是美国政府作为记分卡的一个衡量指标	47
2020	电动超跑上路	https://nei.st/medium/economist/the-world-in-2020/electrifyingly-fast	超级富豪可以砸钱买超级贵又限量的电动超跑了	47
2020	Kevin Feige	https://nei.st/medium/bloomberg/the-bloomberg-50/kevin-feige	漫威影业公司 (Marvel Studios) 总裁	48
2020	Mortimer “Tim” Buckley	https://nei.st/medium/bloomberg/the-bloomberg-50/mortimer-tim-buckley	领航集团 (Vanguard) 首席执行官兼董事长	48
2020	致命的野味	https://nei.st/medium/china-newsweek/notoca1g6dbssnqe9pllsa	野生动物是自然界病原体的储藏库，历史上众多重大疫病均来自于野生动物	48
2020	武汉之憾：黄金防控期是如何错过的？	https://nei.st/medium/china-newsweek/gtyviuyogxsl3wufjrfcoq	我们要付出多大代价？	48
2020	一线的救与被救：重症科医生亲述	https://nei.st/medium/caixin/wppbrfleqdyvxp2m85jpmw	我们的人民太苦了	48
2020	中国动用数字监控力量防控疫情	https://nei.st/medium/wsj/china-marshals-its-surveillance-powers-against-coronavirus	为了追踪不断扩散的疫情，中国政府发动了一场前所未有的行动，借助大数据来追踪感染者的行踪	48
2020	刘擎：2019 西方思想年度述评	https://nei.st/medium/academia-bimestrie-xirkgp0atszy1pjn6vqpbg	下篇·思想前沿	48
2020	企业文化又来了	https://nei.st/medium/economist/the-world-in-2020/culture-vultures	前一阵子大家流行讲「使命」，2020 年，企业的成功关键词会变成「文化」	48
2020	Gita Gopinath	https://nei.st/medium/bloomberg/the-bloomberg-50/gita-gopinath	经济学家	48
2020	Event Horizon Telescope leadership team	https://nei.st/medium/bloomberg/the-bloomberg-50/event-horizon-telescope-leadership-team	事件视界望远镜 (Event Horizon Telescope) 领导团队	48
2020	疫情示威夹击香港服务业	https://nei.st/medium/bloomberg/a-catastrophic-drop-in-tourism-haunts-hong-kong-in-the-new-year	出手阔绰的游客对动荡的香港退避三分，让依赖旅游业的员工失业	49
2020	习近平称新型冠状病毒疫情是对中国治理体系的一次大考	https://nei.st/medium/wsj/coronavirus-outbreak-a-major-test-of-chinas-system-says-xi-jinping	誓言要追究官员在应对危机不力方面的责任	49
2020	新型冠状病毒让中国与世界隔离，拖累全球经济	https://nei.st/medium/wsj/coronavirus-closes-china-to-the-world-straining-global-economy	宏观经济所受影响在很大程度上取决于疾控状况，没有人知道情况何时才能开始恢复正常	49
2020	新冠病毒疫情将如何影响全球经济？	https://nei.st/medium/nytimes/trade-networks-face-new-menace-in-a-coronavirus	中国已经更多地参与了全球供应链。在过去 10 年里，中国一直是全球经济的最后一根救命稻草	49
2020	疫情蔓延之际海外华人遭遇歧视	https://nei.st/medium/wsj/chinese-abroad-become-targets-of-suspicion-over-coronavirus	SARS 病毒疫情也是从中国开始的，引发带有种族色彩的歧视	49
2020	疫情蔓延、WHO 失信，台湾能否重返世卫体系？	https://nei.st/medium/initium/taiwan-2019ncov-who	新冠肺炎疫情在全球发酵，被排除世卫组织之外的台湾，这一次有可能在防疫工作的前线烽火中重新取得观察员身分吗？	49
2020	逃兵还是抗争者？罢工香港医护到底在争取什么？	https://nei.st/medium/initium/hongkong-hospital-strike-call-for-border-closure	在郭辉浩看来，香港政府过去一个多月的政策目标是「抗疫」而非「防疫」	49
2020	刘擎：2019 西方思想年度述评	https://nei.st/medium/academia-bimestrie-czgrzf2rmm1igj5_3yhca	中篇·欧美风云	49
2020	中国社会信用评分，全面开铡	https://nei.st/medium/economist/the-world-in-2020/china-keeps-score	不只是个人，连企业也逃不掉！中国将通过社会信用系统，全面监控一举一动。不听话的，日子难过了	49
2020	依信而治：社会信用作为一种统治工具的解析和伤害	https://nei.st/medium/initium/china-social-credit	社会信用体系看似有效地解决中国社会因互信基础薄弱所产生的道德真空难题，但其内部其实镶嵌了一套新型态的治理方式：「依信而治」	49
2020	Bruce Flatt	https://nei.st/medium/bloomberg/the-bloomberg-50/bruce-flatt	多伦多布鲁克菲尔德资产管理公司 (Brookfield Asset Management) 首席执行官	50
2020	Stacey Abrams	https://nei.st/medium/bloomberg/the-bloomberg-50/stacey-abrams	Fair Fight 2020 活动创办人	50
2020	刘擎：2019 西方思想年度述评	https://nei.st/medium/academia-bimestrie-vyjy3vnbjdmymmujlqeoqa	上篇·世界变局	50
2020	武汉新型冠状病毒传染力有多强？全球专家争相发布研究报告	https://nei.st/medium/wsj/experts-race-to-figure-out-how-contagious-the-coronavirus-is	最近几日发布的研究报告称，新型冠状病毒的传染性似乎比季节性流感更强，其与 SARS 疫情的类似病原体传染性接近，但致死率远低于 SARS 病毒	50
2020	肺炎疫情扩散之际中国出现禽流感，再添经济压力	https://nei.st/medium/wsj/avian-influenza-in-china-adds-to-economic-concerns-amid-coronavirus-spread	湖南省上周六宣布发生禽流感疫情，邻省湖北省是此次新型冠状病毒疫情的中心	50
2020	疫情担忧加剧拖累中国金融市场暴跌	https://nei.st/medium/wsj/chinese-markets-tumble-on-coronavirus-uncertainty-on-first-day-after-break	在鼠年的第一个交易日，基准上证综指早盘跌 8.2%，可能录得 2015 年 8 月份以来的最大单日跌幅	50
2020	中国为何未能及时控制病毒传播	https://nei.st/medium/nytimes/as-new-coronavirus-spread-chinas-old-habits-delayed-fight	还原肺炎疫情关键七周	50
2020	疫情阴影下，中国放开媒体审查了吗？	https://nei.st/medium/initium/opinion-journalism-china-media-politics	历经五六年官方的收编、重整和严控后，稍纵即逝的窗口期，对于中国媒体和整个舆论场意味着什么？	50
2020	新冠肺炎阴影下的海外华人	https://nei.st/medium/initium/overseas-chinese-reaction-to-pneumonia	海外华人圈里，有的组织募捐，有的被「黄色警告」，有的要求美国封关……一些中国人想要搭救中国人，还有一些中国人不欢迎中国人	50
2020	中国境外现首例新冠死亡病例，美国启用四个军事基地作为隔离中心	https://nei.st/medium/wsj/coronavirus-kills-its-first-victim-outside-china-as-toll-grows	菲律宾卫生部周日表示，一名来自武汉的 44 岁男子上周六在菲律宾死亡	50
2020	分裂网：数字铁幕	https://nei.st/medium/economist/the-world-in-2020/the-splinternet-of-things	美国抵制华为，将连带削弱 5G 的变革潜力	51
2020	Emma Walmsley	https://nei.st/medium/bloomberg/the-bloomberg-50/emma-walmsley	葛兰素史克 (GlaxoSmithKline) 首席执行官	51
2020	David Simon	https://nei.st/medium/bloomberg/the-bloomberg-50/david-simon	编剧	51
2020	疫情蔓延时，我回到湖北家乡	https://nei.st/medium/initium/note-pneumonia-village	此时自己和家人身处在疫情的重灾区，去哪里都是危险的。我也不知道什么时候能返回北京，也不知道这个疫情会发展到什么程度，只能自求多福，也希望众人平安	51
2020	从地狱 A 到地狱 B	https://nei.st/medium/initium/kwan-wai-yuen-hk-letter	口罩可以阻挡新型冠状病毒，却挡不住早已扩散开来的其他瘟疫	51
2020	病毒，恐惧与控制	https://nei.st/medium/initium/culture-flu-virus-ncov-dramalist	提及疫情，除了漫天及时与延迟的消息之外，这十三部影剧多多少少讲出了人的无力	51
2020	「封关」还是「罢工」？香港政府的防疫策略与信任危机	https://nei.st/medium/initium/opinion-pneumonia-hk-control-of-epidemic	医护罢工的背后，是对整个政府的彻底不信任。如此严重的信任危机若不得到即刻回应，必将给香港此次防疫的前景蒙上一层阴影	51
2020	Tobias Lütke	https://nei.st/medium/bloomberg/the-bloomberg-50/tobias-lutke	Shopify 首席执行官	51
2020	全世界都在变老	https://nei.st/medium/economist/the-world-in-2020/forever-middle-aged	2020 年，全球人类的年龄中位数将首度突破 30 岁。人口结构改变，会造成哪些影响？	51
2020	Sabine Weyand	https://nei.st/medium/bloomberg/the-bloomberg-50/sabine-weyand	欧盟委员会贸易主席	51
2020	疑似者之殇	https://nei.st/medium/caixin/cw890b	早期对疑似病例的驼鸟政策，造成了多重悲剧	52
2020	溯源新冠病毒	https://nei.st/medium/caixin/cw890c	病毒是什么？它从哪里来？第一个问题已经查明，第二个还在找	52
2020	武汉围城	https://nei.st/medium/caixin/cw890a	「疫情是魔鬼，我们不能让魔鬼藏匿」	52
2020	全球共济	https://nei.st/medium/caixin/cw890d	尽管将新冠疫情认定为「国际关注的突发公共卫生事件」，世卫组织仍对中国控制疫情的能力持有信心	52
2020	戈恩逃离风波	https://nei.st/medium/bloomberg/how-nissan-s-carlos-ghosn-was-smuggled-out-of-japan	这位汽车业前高层逃往黎巴嫩后，仍需面对与日本检方或日产之间的斗争	52
2020	新的旅行	https://nei.st/travel/new-travel	对科学家来说，世界还是充满未知的，但对普通人来说，这个世界已经烂熟。未知之境是不存在的，连所谓探险也只是乐中作苦，不见珠穆朗玛峰下排的长队吗	52
2020	南海烽火，一触即发	https://nei.st/medium/economist/the-world-in-2020/sea-of-troubles	2020 年，世界应该多关注南海的局势，各国恐将擦枪走火	52
2020	Ann Sarnoff	https://nei.st/medium/bloomberg/the-bloomberg-50/ann-sarnoff	华纳兄弟娱乐公司 (Warner Bros. Entertainment) 首席执行官	52
2020	Phoebe Waller-Bridge	https://nei.st/medium/bloomberg/the-bloomberg-50/phoebe-waller-bridge	演员、编剧、制片人	52
2020	网中行	https://nei.st/travel/wang-zhong-xing	所谓「分享」，本来是好事，后果就是，大家渐渐形成对世界的奇怪态度，以为世界不过是些碎片，而观看便是认知。真正的知识体系，也有日夜灌注而稀薄起来的危险	52
2020	武汉疫情引发愤怒狂潮，医院资源短缺紧急求援	https://nei.st/medium/nytimes/coronavirus-anger-boils-over-in-china-and-doctors-plead-for-supplies	政府的应对并未缓解人们的愤怒和沮丧情绪	53
2020	中国当局鼓励戴口罩，但一些专家提出质疑	https://nei.st/medium/wsj/coronavirus-fears-drive-demand-for-face-masks-but-some-experts-doubt-them	医学专家称，佩戴口罩对于防止冠状病毒传播的效果有限。很多人戴的口罩并不具有防护作用	53
2020	习近平的足球强国梦	https://nei.st/medium/economist/the-world-in-2020/not-just-for-kicks	足球铁粉习近平卯足全力，要让中国足球大获全胜	53
2020	David Marcus	https://nei.st/medium/bloomberg/the-bloomberg-50/david-marcus	虚拟加密货币 Libra 的联合创造者	53
2020	Vicki Hollub	https://nei.st/medium/bloomberg/the-bloomberg-50/vicki-hollub	西方石油公司 (Occidental Petroleum) 总裁兼首席执行官	53
2020	无法抵达的物资：民间救援为何迟迟送不到一线医生手上？	https://nei.st/medium/initium/wuhan-pneumonia-ngo-red-cross	中国当下防护服总产量不到武汉需求量的 1/3，但所有民间捐赠都要通过红十字会，后者至今只拨出了收到捐款总额的 1/8	53
2020	世卫组织宣布冠状病毒疫情为国际关注的突发公共卫生事件	https://nei.st/medium/wsj/who-declares-coronavirus-outbreak-a-global-public-health-emergency	WHO 的认定表明，上个月首先在中国发现的这种呼吸系统病毒在中国以外地区构成了严重威胁	53
2020	香港口罩去哪儿？	https://nei.st/medium/initium/hongkong-surgical-masks-no-stock-myth	口罩已经断市，全部都没有了	53
2020	不吐不快	https://nei.st/medium/qy2ncnddhevecekyxk8f0g	有广告了，说一下吧。	53
2020	往日崎岖	https://nei.st/travel/wang-ri-qi-qu	存在本质上是悲剧，然而人们一直以喜剧甚至闹剧待之，而科学正在恢复其本有的悲剧色彩，这至少能让人类变得庄严一些	53
2020	上海：还不够格的金融中心	https://nei.st/medium/economist/the-world-in-2020/the-financial-centre-that-wasnt	上海比不上纽约，但 2020 年它依然重要	54
2020	Jon McAuliffe & Michael Kharitonov	https://nei.st/medium/bloomberg/the-bloomberg-50/jon-mcauliffe-michael-kharitonov	Voleon 集团联合创办人	54
2020	Ekrem Imamoglu	https://nei.st/medium/bloomberg/the-bloomberg-50/ekrem-imamoglu	土耳其伊斯坦布尔市长	54
2020	中国努力控制舆论，以期平息国内就疫情对政府的批评	https://nei.st/medium/wsj/china-strains-to-stamp-out-coronavirus-criticisms-at-home	社交媒体用户用「官状病毒」指代「冠状病毒」，以讽刺他们认为的政府反应迟缓	54
2020	习近平让李克强挂帅抗击疫情，这个决定对两人都有风险	https://nei.st/medium/wsj/chinas-xi-gives-his-no-2-a-rare-chance-to-shine-in-coronavirus-fight-with-risks-for-both	李克强可能因此成为英雄，或者替罪羊	54
2020	孰与同行	https://nei.st/travel/shu-yu-tong-xing	想象本身并不能将我们带到更远的地方。现代人知道，眼睛和脚才是先锋，而想象不过是对经验的一种美妙的处理方式	54
2020	Jeff Zucker	https://nei.st/medium/bloomberg/the-bloomberg-50/jeff-zucker	华纳媒体新闻及体育 (Warner Media News & Sports) 公司董事长、美国有线电视新闻网 (CNN) 全球频道总裁	54
2020	香港：千疮百孔，如何修复？	https://nei.st/medium/economist/the-world-in-2020/a-territory-in-turmoil	2020 年的立法会选举，将更加凸显香港民主受限的缺点	54
2020	Alex Blumberg & Matt Lieber	https://nei.st/medium/bloomberg/the-bloomberg-50/alex-blumberg-matt-lieber	Gimlet Media 联合创办人	54
2020	全国 160 余家医院向社会求援，医疗物资储备为何不足？	https://nei.st/medium/southern/nfzm-g4xywlbig8wdj3quzio	一位参与募捐的医院工作人员解释，之所以选择募捐而不是采购，在于医院采购流程比较复杂，难以在短时间内走完流程，募捐则直接很多	54
2020	三篇最新的新冠肺炎相关论文，都讲了什么？	https://nei.st/medium/initium/repost-pansci-2019ncov	读者需留意当下仍有许多与 2019-nCoV 相关的研究正在进行，本文摘录的三篇文章的研究发现，也有可能不是最终结果	55
2020	台湾口罩去哪儿？为何台湾政府全面禁止出口？	https://nei.st/medium/initium/taiwan-mask-wuhan-pneumonia	一纸禁止台湾口罩出口的禁令，引来国民党政治人物、部分对岸网友的批评。为何台湾执政团队如此铁腕？	55
2020	疾病中的集体污名与社会矛盾	https://nei.st/medium/initium/opinion-infectious-disease-stigmatization	华人、中国人、武汉人——你也不知道，下一次是否会轮到你自己	55
2020	武汉市长暗示疫情披露缺乏透明度北京也有责任	https://nei.st/medium/wsj/wuhan-mayor-says-beijing-rules-partially-responsible-for-lack-of-transparency	中国疫情中心武汉市的市长表示，他无权披露敏感信息，在披露之前必须得到中央政府的批准	55
2020	水与土	https://nei.st/travel/shui-tu	我附近的太行山中，有许多可爱的山村，但村里的小街，又无不散落着垃圾。至于公共厕所的状况，实难形容，我只想提醒各位一句，当年晋景公就是掉到厕所里去世的	55
2020	地缘科技困局何解	https://nei.st/medium/caixin/cnreform409-if1sksyz511e0l0nvy2cea	基辛格、保尔森、盖茨剖析地缘竞争与科技演化交织的时局，提出一系列警示和建言	55
2020	Rihanna	https://nei.st/medium/bloomberg/the-bloomberg-50/rihanna	Fenty 创办人	55
2020	Jon Stewart	https://nei.st/medium/bloomberg/the-bloomberg-50/jon-stewart	社会活动家	55
2020	川普对中国会硬起来吗？	https://nei.st/medium/economist/the-world-in-2020/donald-trump-accidental-china-hawk	从新疆到台湾，中国的周边地区将成为 2020 年无法预测的风险与威胁的来源	55
2020	高效的「中国模式」，为何总是在公卫危机上重蹈覆辙？	https://nei.st/medium/initium/opinion-china-system-reaction-ncov	中国的压力型体制是如何把重大公共危机变为治理危机，乃至政治危机的？那只房间中的大象，到底是如何运作的？	55
2020	确诊名单外的死亡患者	https://nei.st/medium/initium/wuhan-pneumonia-forgotten-patients	看见「乌压压」的人群拿著小板凳排队，「当时就觉得情况失控了。患者在急诊就是等死。」	56
2020	十七年：被瞒报的 SARS 与被孤立的武汉	https://nei.st/medium/initium/mainland-wuhan-sars-pneumonia-publicity	歌舞升平的春晚与忧心忡忡的民间舆论，在这个刚刚过去的除夕夜反差强烈	56
2020	疫情蔓延时的双重体验：魔幻现实的春晚，与体制的拖延症	https://nei.st/medium/initium/disaster-suffering-festival-gala	中国春节联欢晚会曾经也在受灾时举办过，但今年新型肺炎病毒肆虐下，庆祝与舆情形成了令人震撼的反差	56
2020	厚颜上黄山	https://nei.st/travel/hou-yan-shang-huang-shan	对我来说，越是与旧式生活方式相关的，越是令我迷糊；一个人的观察，如何不丧失历史性，同时又是完全此时此地的呢？	56
2020	James Mwangi	https://nei.st/medium/bloomberg/the-bloomberg-50/james-mwangi	Equity 首席执行官	56
2020	Lisa Su	https://nei.st/medium/bloomberg/the-bloomberg-50/lisa-su	超微半导体 (AMD) 首席执行官	56
2020	在海外，抖音与微信为何成为「中国威胁论」的延伸？	https://nei.st/medium/initium/tiktok-xpahadobx92ma	面对中国政府的影响与审查的顾虑，原本在境内也是政治审查受害者的科技公司，在境外运营时又瞬间变成了中国政府目前推行的言论审查制度的帮凶	56
2020	不只华为遭殃	https://nei.st/medium/economist/the-world-in-2020/headwinds-beyond-huawei	将有更多中国企业，如抖音，遭到地缘政治冲突牵连	56
2020	大数据技术如何顾及隐私与公平	https://nei.st/medium/yimag/kdrpufiwg8mrnhnnamyiag	机器在通过自我学习处理大数据时，能够执行开发者明确提出的要求，却常常未必能够回避开发者想要回避却又未曾明示的后果	56
2020	如何发展数字经济	https://nei.st/medium/caixin/cnreform409-yfsjqetdqsqcu8mya	有三个前提工作必须首先着手，即促进作为数字经济技术基础的数字技术的研发、促进作为数字经济重要资源的数据的资本化，以及探索对作为重要组织形式的平台的有效规范	56
2020	旅行与读史	https://nei.st/travel/travel-and-read-history	旅行中最可怕的一个念头是：其实你哪儿也没去。如果你的旅行目的之一，是逃出某种事物或情绪，那么，你就觉得逃无可逃，还不如本本分分地呆在家里	57
2020	U.S. Women’s National Soccer Team	https://nei.st/medium/bloomberg/the-bloomberg-50/u-s-womens-national-soccer-team	美国国家女子足球队	57
2020	Ritesh Agarwal	https://nei.st/medium/bloomberg/the-bloomberg-50/ritesh-agarwal	OYO 创办人暨首席执行官	57
2020	一本叫《The Big Issue》的杂志，如何解决城市流浪汉大问题？	https://nei.st/medium/yimag/mis9nouo82bv5pdanpkkjw	「什么是『大问题』？是癌症，是混乱不堪，是废弃无用、贫困腐烂，是愚蠢，但也是灵感和希望。」	57
2020	都江堰「联建房」危局	https://nei.st/medium/caixin/cw889e	2008 年汶川地震中遭受重创的都江堰市，为吸引社会资本加快震后重建，各级政府推出「联建」政策。12 年后，地震伤痛渐渐平复，一场突如其来的「拆违」使 400 多个「联建房」项目变成「违建别墅」，影响人数以万计	57
2020	2020 年：中国与小康的距离	https://nei.st/medium/economist/the-world-in-2020/meet-moderately-prosperous-china	2020 年中国要成为「小康」国度，这代表什么意思？会成功吗？	57
2020	钱钢：2019 中国语象报告	https://nei.st/medium/initium/china-2019-review-politics	2019，中国政治最重要的话语现象，是有 40 年历史的「政治体制改革」被停用	57
2020	陈可辛：一个理想的现实主义者	https://nei.st/medium/yimag/brcchcdvulsdox7a9fbphg	「每一部电影都是在考虑自己喜欢和市场需要之后作出的个人追求。这可能不是大艺术家做的事情，但是我一辈子拍戏要找的平衡。」	57
2020	当理想老板碰上现实政治	https://nei.st/medium/economist/the-world-in-2020/corporate-realpolitik	近年来，美国企业家愈来愈爱在各种议题上表态，但 2020 年，他们恐怕将付出惨痛的代价	57
2020	Gabriela Cámara	https://nei.st/medium/bloomberg/the-bloomberg-50/gabriela-camara	大厨、总统顾问	57
2020	Marek & Tomasz Sekielski	https://nei.st/medium/bloomberg/the-bloomberg-50/marek-tomasz-sekielski	纪录片制作人	58
2020	Greta Thunberg	https://nei.st/medium/bloomberg/the-bloomberg-50/greta-thunberg	气候活动人士	58
2020	谁还在喝酒？	https://nei.st/medium/economist/the-world-in-2020/glass-half-empty	美国颁布禁酒令 100 周年，但如今无须禁酒，饮酒已经不流行了，酒商也开始改变了。	58
2020	神圣的闹剧：美国禁酒运动始末	https://nei.st/medium/caixin/cw888g	1920 年至 1933 年实施的禁酒法案，对美国社会最大的伤害是破坏了人们对法治的敬畏——当人人都是违法者的时候，这部法律既没有权威，也伤害其他正常的规则权威	58
2020	「稍纵即逝」的建筑意义何在？	https://nei.st/medium/yimag/thmhsrm9eput0wvua8pmbq	临时建筑以一种低消耗的方式满足了人们多样化的需求，具有更丰富的社会意义，同时为建筑师的试验性探索提供条件	58
2020	画像永恒，但「她」是谁毫无关系	https://nei.st/medium/initium/portrait-of-a-lady-on-fire-movie-review	当她凝视她，女性画家与被配婚女子，在一幅画像中看到对方的不自由，又在对方的不自由中看见自己	58
2020	Zhang Yong & Shu Ping	https://nei.st/medium/bloomberg/the-bloomberg-50/zhang-yong-shu-ping	海底捞创办人	58
2020	Ethan Brown	https://nei.st/medium/bloomberg/the-bloomberg-50/ethan-brown	Beyond Meat 首席执行官	58
2020	Ankiti Bose	https://nei.st/medium/bloomberg/the-bloomberg-50/ankiti-bose	Zilingo 联合创办人、首席执行官	58
2020	经济衰退：这次跟以前不一样	https://nei.st/medium/economist/the-world-in-2020/supply-and-unarmed	世界经济可能会进入一种不同于以往的低迷状态，但各国恐怕都还没做好准备	58
2020	专访董明珠：我是一个经营者	https://nei.st/medium/caixin/cw889c	是经营者而不是股东和股票决定着企业的生存。股东要为企业选一个好的管理者	59
2020	格力值得买吗？	https://nei.st/medium/yimag/mkitrtxfpm	VC 退潮，PE 进场	59
2020	回家路上 B-side	https://nei.st/arts/music/the-way-home-b-side	过年，不一定是快乐，不一定是团圆，不一定是近乡情怯，不一定是衣锦还乡。辞旧迎新之际，回家之路却总让人若有所思	59
2020	零工经济到职场乌托邦的距离	https://nei.st/medium/yimag/ujrf9vknchimb7	零工经济让公司人看到个人脱离组织实现自我价值的可能性，但它的流行并不完全代表职场个体化时代的来临，工作、收入、保险、福利等因素的不稳定性仍是零工群体缺乏安全感的重要原因	59
2020	Shari Redstone	https://nei.st/medium/bloomberg/the-bloomberg-50/shari-redstone	哥伦比亚广播公司 (CBS) 和维亚康姆 (VIACOM) 副董事长	59
2020	Eric Yuan	https://nei.st/medium/bloomberg/the-bloomberg-50/eric-yuan	Zoom 首席执行官	59
2020	英语圈 vs. 汉字圈	https://nei.st/medium/economist/the-world-in-2020/the-anglosphere-and-the-sinosphere-drift-apart	世界两大文化圈有多么不一样？你可以看看《南方公园》第 300 集以及中国的后续反应	59
2020	和机器人一起工作	https://nei.st/medium/yimag/plj3ga9crm5kzz072jaeya	技术一边在取代人工，一边又创造了全新的工种	59
2020	国产特斯拉来了	https://nei.st/medium/caixin/cw889b	特斯拉启发拉动汽车业进入转型期，中国会扮演什么角色？	59
2020	猪企升级难	https://nei.st/medium/caixin/cw889a	经历非洲猪瘟，中国生猪养殖开始新一轮自动化、智能化、集约化改造，却仍然需要面对土地、资金、技术等问题	59
2020	我们离真正的「人造肉」还有多远？	https://nei.st/medium/yimag/wvlcir0a78mkw58dea	用培养液浸泡出的「肉」，还需要在实验室中跨越成本、口味、消费者观念等一系列障碍	60
2020	有懒人，就有为懒人服务的人	https://nei.st/medium/yimag/qpoa2nk8uw	当代人在懒这个问题上有惊人的创造力，这其中就包括了一些解决懒的工作	60
2020	玩着玩着，新职业出现了	https://nei.st/medium/yimag/ty_asahcju1ie0loagwveq	当小众、圈层性的娱乐也能找到市场空间，这群由玩乐为起点的从业者可能显得有点「不务正业」，但比前辈更具冒险精神	60
2020	Boris Jordan	https://nei.st/medium/bloomberg/the-bloomberg-50/boris-jordan	Curaleaf 执行董事长	60
2020	Jacinda Ardern	https://nei.st/medium/bloomberg/the-bloomberg-50/jacinda-ardern	新西兰总理	60
2020	政治火热，经济消风	https://nei.st/medium/economist/the-world-in-2020/febrile-politics-faltering-economy	接下来这一年的走向，将会被美国总统大选和全球经济放缓所主导。准备好迎接疯狂的一年吧！	60
2020	回家路上	https://nei.st/arts/music/the-way-home-a-side	在可以放下一切的节日里，我们要回家了	60
2020	中国人口出生率降至 1949 年以来新低，威胁经济增长	https://nei.st/medium/wsj/chinas-birth-rate-falls-to-new-low-threatening-economy	中国已有近五分之一的人口年龄在 60 岁或以上	60
2020	中国鸡蛋价格为何几近腰斩？	https://nei.st/medium/wsj/cracks-are-showing-in-this-egg-saturated-chinese-market	大连商品交易所 1 个月期鸡蛋期货价格下跌 45%	60
2020	美国经济制裁救济途径探析	https://nei.st/medium/caixin/cnreform409-pqkmbkzgpelk3z1xzhe	被美国政府纳入制裁名单将面临严重后果。行政复议是从美国制裁名单中移除的主要途径	60
2020	中美约成	https://nei.st/medium/caixin/cw889f	一份对中国、美国和全世界都有着重大影响的经贸协议是这样达成的	61
2020	论谈创新经济	https://nei.st/medium/bloomberg/ynvhbatv4aelcigh8zivgw	基辛格、保尔森、盖茨剖析地缘竞争与科技演化交织的时局，提出一系列警示和建言	61
2020	The World in 2020	https://nei.st/medium/economist/the-world-in-2020/world-2020	2020 年是审判年	61
2020	Stephanie Kelton	https://nei.st/medium/bloomberg/the-bloomberg-50/stephanie-kelton	经济学家	61
2020	Lil Nas X	https://nei.st/medium/bloomberg/the-bloomberg-50/lil-nas-x	音乐家	61
2020	不明原因肺炎忽现	https://nei.st/medium/caixin/cw889d	中国的疾控系统正在面对一场意外考验	61
2020	塑料可以缓解气候问题？	https://nei.st/medium/southern/nfzm-1873a	从某些角度来看，塑料也可以对环境有益，比如起到固碳作用	61
2020	2019 年中国文化纪事	https://nei.st/medium/ft/oauassbtj5a0couscda54g	王晓渔：本文采撷的文化事件多来自中国大陆媒体和网站，汇成 2019 年中国文化微景观，杯水风波，见微知著	61
2020	过不了 2008 年这一关	https://nei.st/medium/southern/nfzm-1873d	备忘新千年	61
2020	不愿下台的普京，与俄罗斯无解的未来	https://nei.st/medium/initium/opinion-russia-putin	今天的俄罗斯的确离不开普京，但当普京本人即将步入七十岁高龄，继承人问题变得越来越难以回避，俄罗斯却再难找出一个可能接替普京的领导人选	61
2020	餐盘上的移民：蒸蒸日上	https://nei.st/medium/economist/a-bao-in-every-steamer	美式中餐的演变反映了美籍华人自身的上升轨迹	62
2020	我们从何而来，向何方走？	https://nei.st/medium/southern/nfzm-1873c	伊朗文化遗产背后的故事	62
2020	手机信号塔的辐射风险是否被低估了？	https://nei.st/medium/southern/nfzm-1873b	密歇根理工大学在梳理了相关研究后，认为相关通信公司在建设信号发射塔时应优化选址，尽可能减少对人们健康的影响，且最好在学校和医院周围 500 米内都不要建信号塔	62
2020	德国的华为难题	https://nei.st/medium/nytimes/german-call-on-huawei-and-5g-may-hinge-on-vital-automakers	先是僧侣，然后是风水顾问。去年夏天，一家倒闭多年的缅因偏远小镇纸浆厂迎来了它的新老板：中国的「废纸大王」	62
2020	腾讯广告遇劲敌	https://nei.st/medium/caixin/cw888f	朋友圈艰难扩容、短视频缺位、长视频承压、数据割裂，对手全面崛起，腾讯广告逆势增长困难重重	62
2020	要实现 2,000 亿美元增购目标，中美可能都面临挑战	https://nei.st/medium/wsj/u-s-and-china-face-a-steep-climb-to-meet-trade-goals	中国能消化得了这么多美国商品和服务吗？即使能消化，美国能供应得上吗？	62
2020	当中国「废纸大王」买下一家美国纸厂	https://nei.st/medium/nytimes/a-maine-paper-mills-unexpected-savior-china	先是僧侣，然后是风水顾问。去年夏天，一家倒闭多年的缅因偏远小镇纸浆厂迎来了它的新老板：中国的「废纸大王」	62
2020	让资本主义与时俱进	https://nei.st/medium/economist/the-world-in-2020/modernising-capitalism	纳斯达克 (NASDAQ) 执行长傅利曼 (Adena Fried-man) 预测，2020 年，资本主义将遭到更强烈的反扑，全球经济核心价值之战将愈演愈烈	62
2020	受贸易和商业信心下滑影响，中国 2019 年经济增速降至 6.1%	https://nei.st/medium/wsj/chinas-economic-growth-slows-to-6-1-as-trade-and-business-confidence-suffer	中国国家统计局周五在其经济报告中称，政府的主要预期目标较好实现，为全面建成小康社会奠定了坚实基础	62
2020	美中第一阶段贸易协议或颠覆全球贸易争端解决方式	https://nei.st/medium/wsj/u-s-china-deal-could-upend-the-way-nations-settle-disputes	这套新机制将是对 WTO 的巨大蔑视	62
2020	中国对外宣传「一带一路」寻求合作，但外国企业感到被排斥在外	https://nei.st/medium/wsj/china-touts-its-belt-and-road-effort-as-collaborative-but-foreign-companies-feel-left-out	入围的公司大多数是通过与中国国有企业建立的合资公司参与「一带一路」项目的，而且几乎毫无例外都仅持有项目的少数股权	63
2020	超市跳步	https://nei.st/medium/economist/aisle-and-hopper	国际扩张对大型零售商而言好坏参半	63
2020	中美签署第一阶段贸易协议，缓解贸易紧张关系	https://nei.st/medium/wsj/u-s-china-sign-deal-easing-trade-tensions	可以看做是一份停火协议	63
2020	值钱的金子	https://nei.st/medium/economist/worth-its-weight	地缘政治风险飙升加上实际利率下跌，推动黄金价格达到七年来最高水平	63
2020	普京寻求巩固权力，梅德韦杰夫意外辞职	https://nei.st/medium/wsj/putin-moves-to-shore-up-power-as-prime-minister-resigns	俄罗斯总统普京提议修改宪法，相关建议若付诸实施，他或将能够在总统任期结束后继续行使政治权力	63
2020	中国是如何获得美国商业机密的？	https://nei.st/medium/nytimes/how-china-obtains-american-trade-secrets	中国长期以来一直否认强迫外国公司交出技术。北京坚称，外国公司自愿这么做，因为它们想进入中国巨大且不断增长的市场	63
2020	「无限期罢工」超过一个月还有六成民众理解，法国怎么做到的？	https://nei.st/medium/initium/france-strike	反退休改革罢工背后的盘算、权衡和妥协	63
2020	「稀土大亨」马永茂	https://nei.st/medium/caixin/cw888c	多年间大手笔行贿包头市委书记和两任包钢董事长	63
2020	仍有可为	https://nei.st/medium/economist/still-worth-it	尽管政治环境错综复杂，美国企业在中国仍然业绩惊人	63
2020	京沪高铁：上市与破局	https://nei.st/medium/caixin/cw888e	京沪高铁被视作铁路资产证券化的「样板工程」，为高铁挺进资本市场探路	63
2020	俄罗斯帮中国在海外打对美信息战	https://nei.st/medium/wsj/russia-gives-china-a-leg-up-in-foreign-broadcasting	俄罗斯国有的 RT 电视台以及其它外语新闻媒体上的亲北京内容，凸显了中俄政府和官方媒体在对美信息战方面促进合作的努力	64
2020	贸易休战尚待宣布，中美科技紧张局势已在酝酿	https://nei.st/medium/wsj/tech-tensions-simmer-in-washington-as-u-s-china-near-trade-truce	美国其他政府部门和国会决策者在如何对华展开科技攻势的问题上仍存分歧	64
2020	中美第一阶段贸易协议中，中国将作哪些让步？	https://nei.st/medium/nytimes/u-s-china-deal-nets-concessions-for-tech-firms	中国尚未承认曾经强迫外国公司将技术转让给中国公司。从中国的角度看协议，他们致力于继续做他们一直以来所做的同样的事情	64
2020	中共的阿喀琉斯之踵：接班人怪圈	https://nei.st/medium/nytimes/1lwq2lrniwph_qph0wk1hg	中国尚未承认曾经强迫外国公司将技术转让给中国公司。从中国的角度看协议，他们致力于继续做他们一直以来所做的同样的事情	64
2020	美中是如何达成一份双方都不满意的贸易协议的？	https://nei.st/medium/wsj/how-the-u-s-and-china-settled-on-a-trade-deal-neither-wanted	中美两国将于本周三签署有助缓解紧张局势的第一阶段贸易协议，但这项协议双方其实都不满意。本文揭开该协议达成背后的来龙去脉	64
2020	经济预估成长率重登「亚洲四小龙」之首，台湾经济回暖了么？	https://nei.st/medium/initium/taiwan-economic-data-2019	获益于贸易转单效应、台商回流与台积电投资扩增，但「产业空洞化」、「低投资－低成长－低物价－低薪资－低预期」的恶性循环依旧未打破	64
2020	赖小民在华融做了什么	https://nei.st/medium/caixin/cw801a	中央纪委与国家监察委合署办公后的第一个金融大案，为什么以中国最大资产管理公司的董事长赖小民为目标？	64
2020	赖小民私藏现金几吨 刷新贪官纪录	https://nei.st/medium/caixin/sqorpdntobfi39ozw1v3sq	私藏现金 2.7 亿， 3 吨多	64
2020	预测 2020 : 几率有多大？	https://nei.st/medium/economist/what-markets-and-models-expect-in-2020	市场智慧和模型显示这一年将充满动荡	64
2020	中国汽车市场经历 30 年繁荣后风光不再	https://nei.st/medium/wsj/chinas-auto-market-stumbles-after-30-year-boom	这种大幅下滑是「中国的一种新现象，以前没有人真正意识到汽车市场也可能下行。」	64
2020	变味的营养包，贵州营养不良改善项目怎么了？	https://nei.st/medium/caixin/kbljyjoz7r8qkcfcnwniaw	有哈喇味了	65
2020	台湾经济无需北京方面支持也能保持增长	https://nei.st/medium/wsj/taiwan-can-keep-growing-without-beijings-approval	蔡英文历史性的当选以及北京方面的愤怒似乎不太可能改变台湾的核心优势	65
2020	台湾大选中的中国舆论场：官媒保守，民众激进，「武统」声浪下的冷感	https://nei.st/medium/initium/mainland-media-taiwan-election	大陆有另一版本的「今日香港，明日台湾」：如果拿了大陆多年好处的香港能有 200 万人上街「反中」，那继续柔性对台政策，是否会让台湾也掀起「反中」运动？	65
2020	赵正永的两手	https://nei.st/medium/caixin/cw856a	一手握人事大权，将官员「家臣」化，一手任其亲属亲信在油气煤及地产行业攫取不当利益，「权力黑手」和「白手套」联手敛财数以亿计	65
2020	秦光荣湖南往事	https://nei.st/medium/caixin/cw863b	云南省委原书记秦光荣主动投案，引发湖南、云南官场商界震动	65
2020	承认误击落乌克兰客机后，伊朗面临的国内外批评日趋激烈	https://nei.st/medium/wsj/iran-faces-growing-criticism-at-home-abroad-over-downing-of-ukrainian-plane	这个国家的合法性受到民众的严重挑战，无论他们的背景如何	65
2020	美中贸易战对美国经济影响有多大？	https://nei.st/medium/wsj/trade-war-with-china-took-toll-on-u-s-but-not-big-one	关键经济指标显示，在长达两年跌宕起伏的美中贸易战中，虽然一些贸易相关行业受到损害，但美国经济大部分领域几乎毫发无损	65
2020	如雷贯拜耳	https://nei.st/medium/wsj/roundup-ruled-the-farm-now-its-maker-has-a-challenger	除草剂之王农达腹背受敌，新竞品乘虚而入	65
2020	谷歌看病	https://nei.st/medium/wsj/inside-googles-quest-for-millions-of-medical-records	在短短几年时间里，谷歌已有能力查看或分析全美至少四分之三州数千万患者的健康记录	65
2020	中国对蔡英文胜选不屑一顾	https://nei.st/medium/wsj/beijing-dismisses-taiwan-voters-rebuke-over-its-claims-to-island	民意调查显示，蔡英文的胜利在很大程度上得益于香港反北京抗议者得到的广泛同情，这激发了台湾人对中国旨在劝诱和胁迫这个自治岛屿接受两岸统一努力的反对情绪	65
2020	两极分裂	https://nei.st/medium/economist/poles-apart	地球上正发生着一场最大的决裂。它将重塑世界经济，并付出昂贵的代价	66
2020	「日产欠我很多钱」	https://nei.st/medium/wsj/carlos-ghosn-tries-to-reclaim-narrative	戈恩反击日本政府和日产汽车，试图夺回话语权	66
2020	武汉新型冠状病毒基因序列正式公布	https://nei.st/medium/caixin/gjjtnbvviueg0oulljujha	武汉新型冠状病毒溯源	66
2020	蔡英文赢在哪里？	https://nei.st/medium/initium/opinion-taiwan-election-2020	王宏恩：蔡英文如何从 2016 年进步到 2020 年？	66
2020	没有人是局外人，一个陆生眼中的台湾选举	https://nei.st/medium/initium/taiwan-election-2020-mainland-observer	其实台湾内部就有两岸	66
2020	蔡英文大胜，国民党下一步要怎么走？	https://nei.st/medium/initium/opinion-taiwan-election-2020-kmt	国民党向来仰赖的地方派系与黑金势力，在此次选举后大幅滑落，令传统政治板块产生巨大裂痕	66
2020	台湾总统蔡英文赢得连任，挑战中国的立场获选民支持	https://nei.st/medium/wsj/taiwanese-president-who-challenged-china-claims-re-election-victory	「我们凭什么享受民主自由？」	66
2020	蔡英文高票连任，台湾选民对北京说不	https://nei.st/medium/nytimes/taiwan-voters-re-elect-president-in-a-rebuke-to-beijings-authority	蔡英文以台湾总统选举史上最高票胜选，凸显了选民对中国威权主义的反弹，以及对台湾独特身份认同的支持。大选结果可能会扩大海峡两岸的政治与文化鸿沟	66
2020	丰厚回报	https://nei.st/medium/economist/how-jim-simons-became-the-most-successful-investor-of-all-time	文艺复兴科技公司的旗舰基金已赚得 1000 亿美元的交易利润	66
2020	圣诞奖金	https://nei.st/medium/economist/christmas-bonus	令 2019 年股市红火的因素不太可能在 2020 年持续	66
2020	胡怀邦陷落	https://nei.st/medium/caixin/cw866b	曾为学者、监管官员、纪委书记、大行一把手，何以蜕变？	67
2020	世行为何还要贷款给中国	https://nei.st/medium/caixin/cw888d	美国纳税人并未补贴世行对华贷款，中国以商业化条件获得贷款，不仅提升了世行的盈利能力，而且风险较低，降低了世行发债利率，使所有借款国都受益	67
2020	蔡英文当选连任台湾地区领导人 韩国瑜承认败选	https://nei.st/medium/caixin/639kkcfjpqf30hqlg	蔡英文的得票数，也使她成为 1996 年台湾地区领导人采取直选方式产生以来，获得总票数最高的候选人	67
2020	美伊博弈：猎杀之后	https://nei.st/medium/caixin/cw888a	美国猎杀伊朗顶级将领，越来越危险的边缘博弈还能玩多久？	67
2020	「同妻」们的婚姻陷阱	https://nei.st/medium/caixin/7pps8if7tuxve7h	作为「男同」弱势群体衍生出的更为弱势的一个群体，「同妻」不仅身心煎熬，还面临着艾滋病风险却难以自知	67
2020	发威马齐	https://nei.st/medium/caixin/cw888b	开放者往往受益更多	67
2020	苏莱曼尼之死不会引发世界大战，但会不会变成伊拉克内战？	https://nei.st/medium/initium/opinion-iran-usa-trump-soleimani	美国和伊朗的中东对峙，不会因为苏莱曼尼的死而停止，中东的平衡却变得更加脆弱	67
2020	通胀升至八年高点令中国陷入决策困境	https://nei.st/medium/wsj/chinese-inflation-at-eight-year-high-poses-a-policy-dilemma	去年中国经济增速已降至 30 年来最慢。作为中国人日常饮食中最主要的肉类，猪肉价格 2019 年 12 月份同比飙涨 97%	67
2020	瑞幸咖啡估值泡沫问题突出	https://nei.st/medium/wsj/chinas-answer-to-starbucks-is-too-frothy	尽管实现了惊人的增长，但瑞幸咖啡尚未盈利，不过对最终实现盈利的憧憬让投资者感到兴奋	67
2020	中国 2019 年乘用车销量再度下滑	https://nei.st/medium/wsj/chinas-car-sales-slump-extends-into-another-year	2019 年这个全球最大的汽车市场乘用车销量为 2,070 万辆，较 2018 年下降 7.4%。这超过了 2018 年 5.8% 的降幅	67
2020	美国及盟友认为乌克兰客机是被伊朗误射击落	https://nei.st/medium/nytimes/u-s-allies-believe-ukraine-plane-was-shot-down-by-iran	证据非常清楚地表明了坠机可能并且可信的原因	68
2020	伊朗导弹实力到底有多强？	https://nei.st/medium/wsj/iran-showcases-advanced-air-strike-capabilities-in-missile-barrage	分析人士认为，伊朗已经实现了预定目标，即通过对伊拉克境内的美军基地发动足够精准但不造成任何意外伤亡的打击来传递讯号	68
2020	红点泛滥中国	https://nei.st/medium/southern/nfzm-1872h	一年发 2700 个奖，收获上亿元	68
2020	燃烧的龙卷风	https://nei.st/medium/southern/nfzm-1872g	龙卷风的破坏力已经十分惊人，燃着熊熊大火的火龙卷更让人惧怕，它的最高温度可以达到 1482 摄氏度	68
2020	古代中国的「伟哥」	https://nei.st/medium/southern/nfzm-1872f	在育亨宾发现之前，没有任何一样药物能够真正改善病理性勃起功能障碍，文献吹嘘的各种神效，心理暗示占了绝大比例	68
2020	蔚来：四百亿造车记	https://nei.st/medium/southern/nfzm-1872e	李斌过去非常自信，他以为自己不会缺钱	68
2020	下一个十年，Al 会淘汰掉目前一半的工作吗？	https://nei.st/medium/southern/nfzm-1872i	历史学要追求的，无非求真、求新、求精、求直	68
2020	约不上的疫苗，被低估的威胁	https://nei.st/medium/southern/nfzm-1872c	哪怕 2019 年供应的流感疫苗全都打掉，国内接种率依然只有 2% 左右，和发达国家 60%–70% 的接种率相差了不止一个数量级	68
2020	陈寅恪对今日历史学的意义	https://nei.st/medium/southern/nfzm-1872b	历史学要追求的，无非求真、求新、求精、求直	68
2020	下一个十年，纯电动车会替代汽油车吗？	https://nei.st/medium/southern/nfzm-1872a	汽油车仍将是未来的主流	68
2020	如何化解镇江天量债务	https://nei.st/medium/caixin/cw847a	一个地级市为什么举债近 4000 亿元？什么是化解债务的正确路径？	69
2020	中国科学家在调查武汉不明肺炎疫情时发现新型冠状病毒	https://nei.st/medium/wsj/new-virus-discovered-by-chinese-scientists-investigating-pneumonia-outbreak	中国曾因在最初掩盖 SARS 疫情而受到批评，武汉此次爆发的疫情将检验中国应对陌生传染病的能力是否有所提高	69
2020	美国和伊朗避免发生公开冲突	https://nei.st/medium/wsj/u-s-and-iran-back-away-from-open-conflict	美伊两国不可避免会爆发进一步冲突，但全面战争打响的可能性甚微	69
2020	放松托底	https://nei.st/medium/economist/keeping-caps-out-of-hands	中国曾强调最低工资对于保护劳动者权益的重要性。但部分官员对此已不再积极	69
2020	理顺「技术税」乱结	https://nei.st/medium/economist/the-world-in-2020/working-through-the-tech-tax-tangle	一项适合现代经济的全球性税收协议触手可及	69
2020	TikTok 被曝存在严重安全漏洞	https://nei.st/medium/nytimes/security-company-found-tiktok-was-vulnerable-to-hacking	漏洞都在 TikTok 系统的核心部分	69
2020	从商业巨头到国际逃犯	https://nei.st/medium/bloomberg/the-hardest-fall-carlos-ghosn	事实证明，和他一起工作过的人们对他并不忠诚，就像戈恩对他们一样	69
2020	伊朗向美军驻伊拉克基地发射多枚导弹	https://nei.st/medium/wsj/iran-fires-missiles-at-u-s-forces-in-iraq	伊朗伊斯兰革命卫队称，上述袭击是针对美国射杀伊朗将领苏莱曼尼进行的报复	69
2020	融资平台债务置换加速	https://nei.st/medium/caixin/cw887e	经济承压之下，融资平台债务接续相关规则明确，金融机构热情高涨，流动性风险缓解，但隐性债务规模压减并不多	69
2020	约翰逊如何兑现选举承诺	https://nei.st/medium/bloomberg/boris-johnsons-biggest-problem-what-to-do-next	让英国再次 (　　)	69
2020	通用汽车在华销量出现有史以来最大降幅	https://nei.st/medium/wsj/gm-posts-its-biggest-china-sales-decline	中国市场已成为国内外众多汽车厂商的棘手问题	70
2020	手机厂商「软硬兼施」	https://nei.st/medium/caixin/cw887f	硬件进入存量用户争夺时代，手机厂商纷纷加码互联网服务，寻找新的收入增长点，巩固护城河。但其互联网服务能否突破硬件销量天花板？	70
2020	寓教于演	https://nei.st/medium/economist/bartleby/conduct-yourself	企业能从人文艺术中学到什么	70
2020	中国人会购买人造肉吗？	https://nei.st/medium/nytimes/impossible-dumplings-and-beyond-buns-will-china-buy-fake-meat	在中国不断壮大的中产阶级中，许多消费者认为肉是一个重要的地位象征，他们对肉食的烹饪方式也有着与美国人截然不同的预期	70
2020	大受欢迎，直到免费试用期结束	https://nei.st/medium/bloomberg/cord-cutters-love-to-watch-until-the-free-trials-expire	只有约三分之一的用户选择继续使用	70
2020	负利率催生资产泡沫？	https://nei.st/medium/bloomberg/a-funny-thing-happened-on-the-way-to-the-stock-market-record	在负利率环境下追求回报率不是一件容易的事	70
2020	苏莱曼尼之死对伊朗人意味着什么	https://nei.st/medium/nytimes/the-day-after-war-begins-in-iran	为这位将军的哀悼是伊朗的首个报复行动	70
2020	云市场争夺战升温，霸主亚马逊多阵线严防对手反扑	https://nei.st/medium/wsj/amazon-has-long-ruled-the-cloud-now-it-must-fend-off-rivals	在规模达 2,660 亿美元的云计算市场，亚马逊面临的竞争日益加剧，微软等对手试图获得更大的市场份额	70
2020	去非洲种大米	https://nei.st/medium/caixin/cw887d	非洲国家农业体系不健全，从种植到销售，每个环节都是破损的。全产业链投资考验中国企业的实力和耐性	70
2020	武汉「不明原因肺炎」排除 SARS，2003 年后中国建立了怎样的监测体系？	https://nei.st/medium/initium/mainland-wuhan-pneumonia	截至 1 月 5 日，武汉共出现不明原因病毒肺炎 59 例，其中重症 7 例，暂无死亡案例	70
2020	中国卫生部门试图查明武汉不明原因肺炎的病原	https://nei.st/medium/nytimes/china-eager-to-calm-a-nervous-public-grapples-with-mystery-illness	武汉不明原因病毒性肺炎已确认感染 59 人﹐香港和新加坡也为此发布了健康警报。 中国卫生部门虽然已经排除了 SARS、中东呼吸综合症、流感、禽流感和腺病毒感染﹐但仍处于查找病原的过程中	71
2020	特朗普连任的筹码	https://nei.st/medium/bloomberg/dont-look-now-but-things-are-getting-brighter-for-trump	弹劾可能实际上对特朗普有利	71
2020	美元比你以为的还要重要	https://nei.st/medium/wsj/the-dollar-is-even-more-important-than-you-know	当你听说美元在国际金融中的重要性可能下降时，别忘了那些被视而不见的份额	71
2020	槟城可能是贸易战赢家	https://nei.st/medium/bloomberg/the-trade-war-may-help-penang-return-to-its-glory-days	「我觉得，这场贸易战是我们的福气。」	71
2020	态度大逆转，亚马逊进军混合云市场	https://nei.st/medium/bloomberg/amazon-turns-to-cloud-hardware-to-outrun-microsoft-and-google	曾经向新客户赠送锤子供他们砸碎本地服务器的亚马逊，如今向这一领域进军，有点像是苹果公司在推销老式的转盘拨号固定电话	71
2020	汇丰在香港陷入争议	https://nei.st/medium/wsj/hsbc-grapples-with-controversy-in-hong-kong	汇丰作为香港最大的零售银行，被很多当地人视为香港社会的一部分，抗议者对于破坏该行的行为看法不一	71
2020	量子计算仍然是科技公司的挑战	https://nei.st/medium/wsj/quantum-computing-remains-a-challenge-for-tech-firms	尽管在证明量子计算的潜力方面已取得一些进展，但目前在实验室进行的许多计算都可以用传统计算机更快速地完成	71
2020	看钱不看人	https://nei.st/medium/economist/for-the-money-not-the-few	忍着吧。全球最傲慢的理财公司正被迫为底层大众服务	71
2020	中美第一阶段谈判成果不涉及增加粮食进口配额	https://nei.st/medium/caixin/izzkipgfcsg	中农办副主任韩俊表示，玉米、小麦、大米配额不会调整。这是全球配额，不会为了一个国家调整	71
2020	骆惠宁出任香港中联办主任，中央治港方针或趋强硬	https://nei.st/medium/wsj/beijing-shakes-up-hong-kong-front-office-signaling-tougher-tack-on-protests	表明北京方面的首要任务是把自己的意愿强加给香港，而非安抚香港人的感受	71
2020	中联办主任换将背后，到底有何种考量？	https://nei.st/medium/initium/opinion-hk-luohuining	骆惠宁的首要使命，是整治北京在香港的治港系统，不折不扣地贯彻和落实习近平的治港决策和部署，建立一个信息上情下达的畅通机制，向北京反映香港的真实情状	72
2020	基因编辑边界何在	https://nei.st/medium/caixin/cw887c	两例基因编辑人类胚胎用于妊娠案例的出现，意味着「潘多拉魔盒」已经打开。这把「魔剪」的应用边界到底在哪里？	72
2020	双车追逐	https://nei.st/medium/economist/two-is-traffic	奔驰汽车的制造商可能很快将有五分之一股权落入中资手中	72
2020	「香港不太好」：抗议颠覆了这里的生活	https://nei.st/medium/wsj/hong-kongs-not-right-protests-upend-life-in-a-city-on-edge	持续数月的抗议让香港的未来变得难以预测，居民们不得不面对一些让人难过又艰难的选择	72
2020	中国股市经历「失落的十年」，但投资者看好未来表现	https://nei.st/medium/wsj/it-was-a-lost-decade-for-chinas-stock-market-but-investors-bet-on-better-times-ahead	根据以本币计算的价格表现，过去十年其他国家股指只有少数出现下跌。中国股市的糟糕表现与强劲的经济增长形成鲜明对比	72
2020	猪肉、汽车、口红与商品房，中国人在消费什么？	https://nei.st/medium/initium/mainland-economic-data-consumption	三四线城市年轻人陷入「低收入、高消费欲」，一二线城市中产则被房价压得喘不过气	72
2020	垃圾分类再考验	https://nei.st/medium/caixin/cw887b	北京即将进入生活垃圾全面强制分类时代。这个环环相扣、牵一发而动全身的系统工程，哪一环掉了链子便不可持续	72
2020	北京垃圾分类简史	https://nei.st/medium/caixin/cw887a	作为一场社会实验，北京的垃圾对策先后经过了自然循环、堆放污染、标准化填埋、焚烧+和减量化资源化五个阶段	72
2020	一图胜千言	https://nei.st/medium/economist/a-thousand-words	为何支持移民——你可能未曾见过的论证	72
2020	孙小波三年发审委员 受贿 700 万「雪花银」	https://nei.st/medium/caixin/sj100ntt_2n5z1iwen6xxa	每一家企业上市，都要提着一箱子现金去送钱。这是发审制度下的潜规则	72
2020	中国重回以铁路投资刺激经济的老路	https://nei.st/medium/wsj/china-rides-the-railroads-to-boost-its-slowing-economy	在某种意义上，这种投资力度的加大与中国国家主席习近平控制中国债务规模的努力背道而驰。中国拥有世界上最大的铁路网，但几乎没什么赚钱的线路	73
2020	先别盲目乐观，中国的放缓还未结束	https://nei.st/medium/wsj/check-your-optimism-chinas-slowdown-isnt-over	今年的季节性流动性紧张情况将比往年更为严重	73
2020	中国叫停沪伦通	https://nei.st/medium/wsj/china-pauses-u-k-listings-project	此举可能表明中英金融关系降温	73
2020	科技与社会：悲观对阵进步	https://nei.st/medium/economist/pessimism-v-progress	当下人们对科技之影响的担忧在历史上有迹可循	73
2020	加州的数据警长	https://nei.st/medium/economist/californias-data-sheriffs	将感受到「金州」新隐私法影响的远不止州内企业	73
2020	为何全球 1\4 生猪会在一年之内死亡	https://nei.st/medium/nytimes/why-did-one-quarter-of-the-worlds-pigs-die-in-a-year	非洲猪瘟暴露了中国在动物疾病防控上的弱点，更揭示出中国政府治理体系的不健全，在这个体系之下，即使健全的监管也会产生坏的影响	73
2020	孙正义的 2020 年购物清单	https://nei.st/medium/bloomberg/heres-a-masayoshi-son-shopping-list-for-2020	数字指针如此糟糕，让人看了不禁苦笑	73
2020	AI 能做到	https://nei.st/medium/economist/the-world-in-2020/ai-can-do-that	人工智能对未来一年有何看法？我们决定问一问由旧金山 OpenAI 研发的 GPT-2 大规模无监督语言模型	73
2020	让你的孙辈震惊的事	https://nei.st/medium/economist/the-world-in-2020/what-will-horrify-your-grandchildren	如今人们习以为常的观点和行为中，有哪些会遭到子孙后代的谴责？	73
2020	「单病例」药物亮相	https://nei.st/medium/economist/the-world-in-2020/introducing-n-of-1-drugs	2020 年，一位父亲将创造一种新药来尝试挽救女儿的生命	73
2020	富士康连环跳幸存者田玉：十年来，亲手重建生活	https://nei.st/medium/southern/nfzm-1871c	已经没有人——包括田玉自己——能说清压垮她的最后一根稻草是什么。她不愿回忆过往，但她清晰地知道，当初作出的那个决定，她后悔了	74
2020	郭美美：「对不起！这句话欠大家很多年了」	https://nei.st/medium/southern/nfzm-1871b	2019 年 7 月 13 日深夜，郭美美走出监狱，重获自由	74
2020	吴英父亲：拎着 120 斤的箱子，奔走 14 年	https://nei.st/medium/southern/nfzm-1871d	吴英案，是受到广泛关注的民间金融案例，至今仍出现在大学法学院的课堂上	74
2020	高铁奇迹：「我们一直没停」	https://nei.st/medium/southern/nfzm-1871a	自 2008 年至今，中国高铁运营里程已接近 3.5 万公里，超过全球高铁总里程的 2/3。中国成为世界上高铁运营里程最长、计划建设规模最大、运输密度最高、成网运营场景最复杂的国家	74
2020	科学增压器	https://nei.st/medium/economist/the-world-in-2020/a-supercharger-for-science	DeepMind 的联合创始人兼首席执行官德米斯·哈萨比斯表示，人工智能可以促进诸多领域的研究	74
2020	房价图解	https://nei.st/medium/economist/the-world-in-2020/house-prices-in-graphic-detail	2020 年泡沫破灭的机会有多大？	74
2020	建造元界	https://nei.st/medium/economist/the-world-in-2020/building-a-metaverse	科幻中的一类虚构正在 (非常缓慢地) 变为现实	74
2020	「悠得人」的十年	https://nei.st/medium/economist/the-world-in-2020/the-decade-of-the-yold	约翰·帕克 (John Parker) 预测，即将迈入 65 岁的人们不会悄悄隐退	74
2020	我们处在爆炸式创新的前夜	https://nei.st/medium/economist/the-world-in-2020/the-coming-innovation-explosion	华为创始人兼 CEO 任正非认为，开放合作是打开未来大门的钥匙	74
2020	窥见前方世界	https://nei.st/medium/economist/the-world-in-2020/glimpses-of-the-world-ahead	科幻作品大多不具有预测性，但仍可以作为未来的一种指引，汤姆·斯坦迪奇 (Tom Standage) 指出	74
